/*
 Navicat Premium Data Transfer

 Source Server         : imac
 Source Server Type    : MySQL
 Source Server Version : 50624
 Source Host           : 88.167.74.237
 Source Database       : labox

 Target Server Type    : MySQL
 Target Server Version : 50624
 File Encoding         : utf-8

 Date: 07/29/2015 00:11:33 AM
*/

SET NAMES utf8;
SET FOREIGN_KEY_CHECKS = 0;

-- ----------------------------
--  Table structure for `TBL_CODE_ERREUR`
-- ----------------------------
DROP TABLE IF EXISTS `TBL_CODE_ERREUR`;
CREATE TABLE `TBL_CODE_ERREUR` (
  `IDCodeErreur` int(11) NOT NULL AUTO_INCREMENT,
  `IDSociete` int(11) DEFAULT NULL,
  `Ordre` int(11) NOT NULL DEFAULT '99',
  `EstActif` int(1) NOT NULL DEFAULT '1',
  `IDMembreAdd` int(11) DEFAULT NULL,
  `DateAdd` datetime DEFAULT NULL,
  `IDMembreMaj` int(11) DEFAULT NULL,
  `DateMaj` datetime DEFAULT NULL,
  `IDMembreSupp` int(11) DEFAULT NULL,
  `DateSupp` datetime DEFAULT NULL,
  `EstSupp` int(1) NOT NULL DEFAULT '0',
  `EstProtected` int(1) NOT NULL DEFAULT '0',
  PRIMARY KEY (`IDCodeErreur`)
) ENGINE=InnoDB AUTO_INCREMENT=8 DEFAULT CHARSET=latin1 ROW_FORMAT=COMPACT;

-- ----------------------------
--  Records of `TBL_CODE_ERREUR`
-- ----------------------------
BEGIN;
INSERT INTO `TBL_CODE_ERREUR` VALUES ('1', '1', '1', '1', '2', '2015-05-21 15:09:21', '2', '2015-06-24 11:11:23', null, null, '0', '0'), ('2', '1', '2', '1', '2', '2015-05-21 15:09:29', null, null, null, null, '0', '0'), ('3', '1', '3', '1', '2', '2015-05-21 15:09:39', null, null, null, null, '0', '0'), ('4', '1', '4', '1', '2', '2015-05-21 15:09:51', null, null, null, null, '0', '0'), ('5', '1', '1', '0', '2', '2015-05-22 15:57:59', null, null, '2', '2015-05-22 15:58:04', '1', '0'), ('6', '1', '5', '1', '2', '2015-05-23 15:31:07', null, null, null, null, '0', '0'), ('7', '3', '1', '1', '1', '2015-05-26 00:52:13', null, null, null, null, '0', '0');
COMMIT;

-- ----------------------------
--  Table structure for `TBL_CODE_ERREUR_TRAD`
-- ----------------------------
DROP TABLE IF EXISTS `TBL_CODE_ERREUR_TRAD`;
CREATE TABLE `TBL_CODE_ERREUR_TRAD` (
  `IDCodeErreur` int(11) NOT NULL,
  `Nom` varchar(255) DEFAULT NULL,
  `IDLangue` int(4) NOT NULL DEFAULT '1'
) ENGINE=InnoDB DEFAULT CHARSET=latin1 ROW_FORMAT=COMPACT;

-- ----------------------------
--  Records of `TBL_CODE_ERREUR_TRAD`
-- ----------------------------
BEGIN;
INSERT INTO `TBL_CODE_ERREUR_TRAD` VALUES ('1', 'Cleaning', '1'), ('2', 'Panne machine', '1'), ('3', 'Lame usée', '1'), ('4', 'Changement blanchet', '1'), ('5', 'test(suppr)', '1'), ('6', 'Laize trop petite', '1'), ('7', '101', '1');
COMMIT;

-- ----------------------------
--  Table structure for `TBL_DOSSIER_DE_FAB`
-- ----------------------------
DROP TABLE IF EXISTS `TBL_DOSSIER_DE_FAB`;
CREATE TABLE `TBL_DOSSIER_DE_FAB` (
  `IDDossierDeFab` int(11) NOT NULL AUTO_INCREMENT,
  `Dossier` varchar(255) DEFAULT NULL,
  `Ref` varchar(255) DEFAULT NULL,
  `Quantite` int(11) DEFAULT NULL,
  `Commentaire` varchar(255) DEFAULT NULL,
  `DateExpedition` datetime DEFAULT NULL,
  `NbOption` int(11) DEFAULT NULL,
  `NbElement` int(11) DEFAULT NULL,
  `NbPose` int(11) DEFAULT '1',
  `NbMachine` int(11) DEFAULT '1',
  `EstAmalgame` int(1) NOT NULL DEFAULT '0',
  `EstPliable` int(1) NOT NULL DEFAULT '0',
  `EstCloture` int(1) NOT NULL DEFAULT '0',
  `LargeurOuvert` int(11) DEFAULT NULL,
  `HauteurOuvert` int(11) DEFAULT NULL,
  `LargeurFerme` int(11) DEFAULT NULL,
  `HauteurFerme` int(11) DEFAULT NULL,
  `IDMembreAdd` int(11) DEFAULT NULL,
  `DateAdd` datetime DEFAULT NULL,
  `IDMembreMaj` int(11) DEFAULT NULL,
  `DateMaj` datetime DEFAULT NULL,
  `IDMembreSupp` int(11) DEFAULT NULL,
  `DateSupp` datetime DEFAULT NULL,
  `EstSupp` int(1) NOT NULL DEFAULT '0',
  `EstProtected` int(1) NOT NULL DEFAULT '0',
  PRIMARY KEY (`IDDossierDeFab`)
) ENGINE=InnoDB AUTO_INCREMENT=145 DEFAULT CHARSET=latin1 ROW_FORMAT=COMPACT;

-- ----------------------------
--  Records of `TBL_DOSSIER_DE_FAB`
-- ----------------------------
BEGIN;
INSERT INTO `TBL_DOSSIER_DE_FAB` VALUES ('1', 'S01/01', '710010', '2500', 'BR21x21 - 16p + couv', '2015-06-22 00:00:00', '2', '2', '1', '1', '0', '1', '0', '420', '210', '210', '210', '2', '2015-06-22 23:18:26', '2', '2015-06-29 16:05:21', '2', '2015-07-05 21:25:23', '1', '0'), ('2', 'S02/01', 'Planches CDV ', '10000', '10 000ex', '2015-06-22 00:00:00', '1', '1', '55', '1', '1', '0', '0', '0', '0', '0', '0', '2', '2015-06-22 23:20:10', '2', '2015-07-02 00:25:33', '2', '2015-07-05 21:25:23', '1', '0'), ('3', 'S03/01', 'Poster', '5000', '', '2015-06-22 00:00:00', '0', '1', '1', '1', '0', '0', '0', '600', '800', '0', '0', '2', '2015-06-22 23:22:00', '2', '2015-07-02 10:05:00', '2', '2015-07-05 21:25:23', '1', '0'), ('4', 'S04/01', '710210', '50000', 'Brochure 20p', '2015-07-01 00:00:00', '2', '2', '1', '1', '0', '1', '0', '420', '297', '210', '297', '2', '2015-06-23 18:14:38', '2', '2015-07-02 10:03:07', '2', '2015-07-05 21:25:23', '1', '0'), ('5', 'S05/01', '710011', '10000', '44p', '2015-06-23 00:00:00', '1', '4', '1', '1', '0', '1', '0', '420', '297', '210', '297', '2', '2015-06-23 22:40:42', '15', '2015-07-01 10:02:26', '2', '2015-07-05 21:25:23', '1', '0'), ('6', 'S06/01', '712123', '2500', 'Catalog 20p + Cover', '2015-06-25 00:00:00', '1', '3', '1', '1', '0', '1', '0', '420', '297', '210', '297', '2', '2015-06-24 11:36:46', '2', '2015-06-26 02:06:02', '2', '2015-07-05 21:25:23', '1', '0'), ('7', 'S15061234/01', 'Test barcode', '13000', 'id gamsys', '2015-06-24 00:00:00', '0', '1', '1', '1', '1', '0', '0', '0', '0', '0', '0', '2', '2015-06-24 23:13:03', '15', '2015-07-01 11:19:06', '2', '2015-07-05 21:25:23', '1', '0'), ('8', 'S15064321/02', 'test', '3000', '', '2015-06-24 00:00:00', '0', '2', '2', '1', '1', '0', '0', '0', '0', '0', '0', '2', '2015-06-24 23:15:05', '15', '2015-07-01 11:18:33', '2', '2015-07-05 21:25:23', '1', '0'), ('9', 'S15064321/01', 'test', '18000', '', '2015-06-24 00:00:00', '0', '2', '2', '1', '1', '0', '0', '0', '0', '0', '0', '2', '2015-06-24 23:17:03', '15', '2015-07-01 11:18:02', '2', '2015-07-05 21:25:10', '1', '0'), ('10', 'S15061212/01', '', '10500', '', '2015-06-24 00:00:00', '0', '2', '1', '1', '1', '0', '0', '0', '0', '0', '0', '2', '2015-06-24 23:19:01', '15', '2015-07-01 11:17:42', '2', '2015-07-05 21:25:10', '1', '0'), ('11', 'S07/01', '', '1500', '', '2015-06-26 00:00:00', '2', '1', '25', '1', '1', '0', '0', '0', '0', '0', '0', '2', '2015-06-26 01:50:37', '15', '2015-07-01 11:17:23', '2', '2015-07-05 21:25:10', '1', '0'), ('12', 'S08/01', 'TDL', '1000', '', '2015-07-10 00:00:00', '0', '1', '20', '1', '1', '0', '0', '0', '0', '0', '0', '2', '2015-06-26 02:45:50', '2', '2015-07-02 01:02:47', '2', '2015-07-05 21:25:10', '1', '0'), ('13', 'S09/01', 'BRA4 20+couv', '25000', 'Client sensible', '2015-07-08 00:00:00', '2', '3', '1', '1', '0', '1', '0', '420', '297', '210', '297', '2', '2015-06-29 10:49:37', null, null, '2', '2015-07-05 21:25:10', '1', '0'), ('14', 'S10/01', '801456', '1250', '', '2015-06-29 00:00:00', '0', '1', '20', '1', '1', '0', '0', '0', '0', '0', '0', '2', '2015-06-29 15:38:36', '2', '2015-07-02 01:03:08', '2', '2015-07-05 21:25:10', '1', '0'), ('15', 'S11/01', '', '5500', '', '2015-06-29 00:00:00', '0', '1', '1', '1', '0', '1', '0', '210', '297', '105', '297', '2', '2015-06-29 16:08:55', '15', '2015-07-01 11:16:47', '2', '2015-07-05 21:25:10', '1', '0'), ('16', 'S12/01', '', '1000', '', '2015-06-29 00:00:00', '0', '1', '6', '1', '1', '0', '0', '0', '0', '0', '0', '2', '2015-06-29 16:26:12', '15', '2015-07-01 11:16:30', '2', '2015-07-01 16:39:13', '1', '0'), ('17', 'S12/01', '', '10000', '', '2015-07-02 00:00:00', '1', '2', '5', '1', '1', '0', '0', '0', '0', '0', '0', '2', '2015-07-02 00:27:49', null, null, '2', '2015-07-05 21:25:23', '1', '0'), ('18', 'S13/01', '710234', '500', 'Affiche 32x40', '2015-07-16 00:00:00', '2', '1', '1', '1', '0', '0', '0', '320', '400', '0', '0', '16', '2015-07-02 15:05:41', '2', '2015-07-02 22:42:33', '2', '2015-07-05 21:25:10', '1', '0'), ('19', 'S14/01', '756432', '50000', 'BRDCA4 - 160p + COUV', '2015-07-14 00:00:00', '1', '11', '1', '1', '0', '1', '0', '420', '297', '210', '297', '2', '2015-07-03 02:14:39', null, null, '2', '2015-07-05 21:25:10', '1', '0'), ('20', '001', '710200', '2500', '', '2015-07-05 00:00:00', '1', '1', '4', '1', '1', '0', '0', '0', '0', '0', '0', '2', '2015-07-05 21:32:12', '2', '2015-07-05 21:35:56', '2', '2015-07-05 21:35:55', '1', '0'), ('21', '001', '', '1', '', '2015-07-05 00:00:00', '1', '1', '1', '1', '1', '0', '0', '0', '0', '0', '0', '2', '2015-07-05 21:36:35', null, null, '2', '2015-07-05 21:40:51', '1', '0'), ('22', 'S01/01', '', '1', '', '2015-07-05 00:00:00', '1', '1', '1', '1', '1', '0', '0', '0', '0', '0', '0', '2', '2015-07-05 21:39:00', null, null, '2', '2015-07-05 21:40:51', '1', '0'), ('23', '001', '', '1', '', '2015-07-05 00:00:00', '1', '1', '1', '3', '1', '0', '0', '0', '0', '0', '0', '2', '2015-07-05 21:41:14', '2', '2015-07-08 01:16:26', null, null, '0', '0'), ('24', '002', '30403', '2500', 'BRDC 160p+couv', '2015-07-06 00:00:00', '0', '11', '1', '5', '0', '1', '0', '420', '297', '210', '297', '2', '2015-07-06 09:24:05', '2', '2015-07-08 01:15:51', null, null, '0', '0'), ('25', '003', '@', '1', '', '2015-07-06 00:00:00', '0', '5', '4', '4', '1', '0', '0', '0', '0', '0', '0', '2', '2015-07-06 09:25:30', '2', '2015-07-08 01:14:23', null, null, '0', '0'), ('26', '004', 'test PBRV+4CR', '22', '', '2015-07-06 00:00:00', '2', '3', '1', '4', '0', '0', '0', '400', '300', '0', '0', '2', '2015-07-06 17:55:25', '2', '2015-07-11 23:21:42', null, null, '0', '0'), ('27', '005', '', '200', '', '2015-07-07 00:00:00', '0', '1', '25', '1', '1', '0', '0', '0', '0', '0', '0', '2', '2015-07-07 09:54:58', '2', '2015-07-08 00:27:05', '2', '2015-07-08 00:29:03', '1', '0'), ('28', '005', '', '22', '', '2015-07-08 00:00:00', '0', '1', '25', '3', '1', '0', '0', '0', '0', '0', '0', '2', '2015-07-08 00:29:37', '2', '2015-07-08 00:32:18', '2', '2015-07-08 00:35:44', '1', '0'), ('29', '005', '', '123', '', '2015-07-08 00:00:00', '0', '1', '20', '1', '1', '0', '0', '0', '0', '0', '0', '2', '2015-07-08 00:36:17', null, null, '2', '2015-07-08 00:39:57', '1', '0'), ('30', '005', '', '123', '', '2015-07-08 00:00:00', '0', '1', '20', '1', '1', '0', '0', '0', '0', '0', '0', '2', '2015-07-08 00:40:01', null, null, '2', '2015-07-08 00:48:12', '1', '0'), ('31', '005', 'ref', '123', 'com1', '2015-07-09 00:00:00', '1', '2', '21', '3', '1', '0', '0', '0', '0', '0', '0', '2', '2015-07-08 00:48:15', '2', '2015-07-08 01:13:24', null, null, '0', '0'), ('32', '006', '640', '12', 'héhé', '2015-07-09 00:00:00', '1', '1', '1', '3', '1', '0', '0', '0', '0', '0', '0', '2', '2015-07-08 00:53:14', '2', '2015-07-08 01:12:45', null, null, '0', '0'), ('33', '007', '745245', '2300', 'BRA5 24p+couv', '2015-07-14 00:00:00', '1', '3', '1', '4', '0', '1', '0', '300', '210', '150', '210', '2', '2015-07-11 22:16:17', null, null, null, null, '0', '0'), ('34', '008', '', '15000', '', '2015-07-11 00:00:00', '3', '1', '25', '4', '1', '0', '0', '0', '0', '0', '0', '2', '2015-07-11 23:36:07', null, null, null, null, '0', '0'), ('41', '009', 'maRefCSV', '500', 'monCommCSV', '2015-08-12 00:00:00', null, '1', '0', '1', '0', '0', '0', '210', '297', '0', '0', '17', '2015-07-16 02:27:39', null, null, '2', '2015-07-16 02:31:28', '1', '0'), ('42', '009', 'maRefCSV', '500', 'monCommCSV', '2015-08-12 00:00:00', null, '1', '0', '1', '0', '0', '0', '210', '297', '0', '0', '17', '2015-07-16 02:31:32', null, null, '2', '2015-07-16 02:32:28', '1', '0'), ('43', '009', 'maRefCSV', '500', 'monCommCSV', '2015-08-12 00:00:00', '0', '1', '0', '3', '0', '0', '0', '210', '297', '0', '0', '17', '2015-07-16 02:32:31', '2', '2015-07-16 02:35:15', '2', '2015-07-16 02:35:13', '1', '0'), ('44', '009', 'maRefCSV', '500', 'monCommCSV', '2015-08-12 00:00:00', null, '1', '0', '1', '0', '0', '0', '210', '297', '0', '0', '17', '2015-07-16 02:35:27', null, null, '2', '2015-07-16 02:36:00', '1', '0'), ('45', '009', 'maRefCSV', '500', 'monCommCSV', '2015-08-12 00:00:00', null, '1', '0', '1', '0', '0', '0', '210', '297', '0', '0', '17', '2015-07-16 02:36:04', null, null, '2', '2015-07-16 02:36:45', '1', '0'), ('46', '010', 'mon test', '25000', null, '2015-08-02 00:00:00', null, '1', '0', '1', '0', '1', '0', '420', '297', '210', '297', '17', '2015-07-16 02:36:49', null, null, '2', '2015-07-16 02:37:31', '1', '0'), ('47', '010', 'mon test', '25000', null, '2015-08-02 00:00:00', null, '1', '0', '1', '0', '1', '0', '420', '297', '210', '297', '17', '2015-07-16 02:36:49', null, null, '2', '2015-07-16 02:37:31', '1', '0'), ('48', '009', 'maRefCSV', '500', 'monCommCSV', '2015-08-12 00:00:00', null, '1', '0', '1', '0', '0', '0', '210', '297', '0', '0', '17', '2015-07-16 02:36:49', null, null, '2', '2015-07-16 02:37:31', '1', '0'), ('49', '010', 'mon test', '25000', null, '2015-08-02 00:00:00', null, '1', '0', '1', '0', '1', '0', '420', '297', '210', '297', '17', '2015-07-16 02:37:34', null, null, '2', '2015-07-16 02:38:42', '1', '0'), ('50', '010', 'mon test', '25000', null, '2015-08-02 00:00:00', null, '1', '0', '1', '0', '1', '0', '420', '297', '210', '297', '17', '2015-07-16 02:37:34', null, null, '2', '2015-07-16 02:38:42', '1', '0'), ('51', '009', 'maRefCSV', '500', 'monCommCSV', '2015-08-12 00:00:00', null, '1', '0', '1', '0', '0', '0', '210', '297', '0', '0', '17', '2015-07-16 02:37:34', null, null, '2', '2015-07-16 02:38:42', '1', '0'), ('52', '009', 'maRefCSV', '500', 'monCommCSV', '2015-08-12 00:00:00', null, '1', '0', '1', '0', '0', '0', '210', '297', '0', '0', '17', '2015-07-16 02:38:59', null, null, '2', '2015-07-16 02:39:54', '1', '0'), ('53', '010', 'mon test', '25000', null, '2015-08-02 00:00:00', null, '1', '0', '1', '0', '1', '0', '420', '297', '210', '297', '17', '2015-07-16 02:38:59', null, null, '2', '2015-07-16 02:39:54', '1', '0'), ('54', '010', 'mon test', '25000', null, '2015-08-02 00:00:00', null, '1', '0', '1', '0', '1', '0', '420', '297', '210', '297', '17', '2015-07-16 02:38:59', null, null, '2', '2015-07-16 02:39:54', '1', '0'), ('55', '009', 'maRefCSV', '500', 'monCommCSV', '2015-08-12 00:00:00', null, '1', '0', '1', '0', '0', '0', '210', '297', '0', '0', '17', '2015-07-16 02:39:58', null, null, null, null, '0', '0'), ('56', '010', 'mon test', '25000', null, '2015-08-02 00:00:00', null, '1', '0', '1', '0', '1', '0', '420', '297', '210', '297', '17', '2015-07-16 02:39:58', null, null, '2', '2015-07-17 00:04:23', '1', '0'), ('57', null, null, null, null, null, null, null, null, '1', '0', '0', '0', null, null, null, null, '17', '2015-07-16 23:59:24', null, null, '2', '2015-07-17 00:04:23', '1', '0'), ('58', null, null, null, null, null, null, null, null, '1', '0', '0', '0', null, null, null, null, '17', '2015-07-17 00:01:12', null, null, '2', '2015-07-17 00:04:23', '1', '0'), ('59', '<?php', null, null, null, null, null, null, null, '1', '0', '0', '0', null, null, null, null, '17', '2015-07-17 00:02:10', null, null, '2', '2015-07-17 00:04:23', '1', '0'), ('60', null, null, null, null, null, null, null, null, '1', '0', '0', '0', null, null, null, null, '17', '2015-07-17 00:02:10', null, null, '2', '2015-07-17 00:04:23', '1', '0'), ('61', null, null, null, null, null, null, null, null, '1', '0', '0', '0', null, null, null, null, '17', '2015-07-17 00:02:10', null, null, '2', '2015-07-17 00:04:23', '1', '0'), ('62', '010', 'mon test', '25000', null, '2015-08-02 00:00:00', null, '1', '0', '1', '0', '1', '0', '420', '297', '210', '297', '17', '2015-07-17 00:04:03', null, null, '2', '2015-07-17 00:04:23', '1', '0'), ('63', '010', 'mon test', '25000', '', '2015-08-02 00:00:00', '0', '1', '0', '5', '0', '1', '0', '420', '297', '210', '297', '17', '2015-07-17 00:04:27', '2', '2015-07-21 11:51:59', '2', '2015-07-28 00:54:26', '1', '0'), ('64', '011', 'mon test2', '25000', 'YEH!!', '2015-08-02 00:00:00', null, '1', '0', '1', '0', '1', '0', '420', '297', '210', '297', '17', '2015-07-17 12:14:26', null, null, '2', '2015-07-17 14:54:14', '1', '0'), ('65', '011', 'mon test2', '25000', 'YEH!!', '2015-08-02 00:00:00', null, '1', '0', '1', '0', '1', '0', '420', '297', '210', '297', '17', '2015-07-17 14:50:46', null, null, '2', '2015-07-17 14:54:24', '1', '0'), ('66', '011', 'mon test2', '25000', 'YEH!!', '2015-08-02 00:00:00', null, '1', '0', '1', '0', '1', '0', '420', '297', '210', '297', '17', '2015-07-17 14:51:09', null, null, '2', '2015-07-17 14:53:19', '1', '0'), ('67', '011', 'mon test2', '25000', 'YEH!!', '2015-08-02 00:00:00', null, '1', '0', '1', '0', '1', '0', '420', '297', '210', '297', '17', '2015-07-17 14:55:03', null, null, '2', '2015-07-21 16:48:26', '1', '0'), ('68', '011', 'mon test2', '25000', 'YEH!!', '2015-08-02 00:00:00', null, '1', '0', '1', '0', '1', '0', '420', '297', '210', '297', '17', '2015-07-21 16:43:17', null, null, '2', '2015-07-21 16:47:09', '1', '0'), ('69', '011', 'mon test2', '25000', 'YEH!!', '2015-08-02 00:00:00', null, '1', '0', '1', '0', '1', '0', '420', '297', '210', '297', '17', '2015-07-21 16:46:30', null, null, '2', '2015-07-21 16:47:09', '1', '0'), ('70', '011', 'mon test2', '25000', 'YEH!!', '2015-08-02 00:00:00', null, '1', '0', '1', '0', '1', '0', '420', '297', '210', '297', '17', '2015-07-21 16:46:54', null, null, '2', '2015-07-21 16:47:09', '1', '0'), ('71', '011', 'mon test2', '25000', 'YEH!!', '2015-08-02 00:00:00', null, '1', '0', '1', '0', '1', '0', '420', '297', '210', '297', '17', '2015-07-21 16:47:34', null, null, '2', '2015-07-21 16:48:26', '1', '0'), ('72', '011', 'mon test2', '25000', 'YEH!!', '2015-08-02 00:00:00', null, '1', '0', '1', '0', '1', '0', '420', '297', '210', '297', '17', '2015-07-21 16:47:51', null, null, '2', '2015-07-21 16:48:26', '1', '0'), ('73', '011', 'mon test2', '25000', 'YEH!!', '2015-08-02 00:00:00', null, '1', '0', '1', '0', '1', '0', '420', '297', '210', '297', '17', '2015-07-21 16:47:59', null, null, '2', '2015-07-21 16:48:26', '1', '0'), ('74', '011', 'mon test2', '25000', 'YEH!!', '2015-08-02 00:00:00', null, '1', '0', '1', '0', '1', '0', '420', '297', '210', '297', '17', '2015-07-21 17:00:05', null, null, '2', '2015-07-21 17:23:38', '1', '0'), ('75', '011', 'mon test2', '25000', 'YEH!!', '2015-08-02 00:00:00', null, '1', '0', '1', '0', '1', '0', '420', '297', '210', '297', '17', '2015-07-21 17:15:57', null, null, '2', '2015-07-21 17:23:38', '1', '0'), ('76', '011', 'mon test2', '25000', 'YEH!!', '2015-08-02 00:00:00', null, '1', '0', '1', '0', '1', '0', '420', '297', '210', '297', '17', '2015-07-21 17:16:50', null, null, '2', '2015-07-21 17:23:38', '1', '0'), ('77', '011', 'mon test2', '25000', 'YEH!!', '2015-08-02 00:00:00', null, '1', '0', '1', '0', '1', '0', '420', '297', '210', '297', '17', '2015-07-21 17:17:02', null, null, '2', '2015-07-21 17:23:38', '1', '0'), ('78', '011', 'mon test2', '25000', 'YEH!!', '2015-08-02 00:00:00', null, '1', '0', '1', '0', '1', '0', '420', '297', '210', '297', '17', '2015-07-21 17:19:10', null, null, '2', '2015-07-21 17:23:38', '1', '0'), ('79', '011', 'mon test2', '25000', 'YEH!!', '2015-08-02 00:00:00', null, '1', '0', '1', '0', '1', '0', '420', '297', '210', '297', '17', '2015-07-21 17:44:12', null, null, '2', '2015-07-21 17:57:46', '1', '0'), ('80', '012', 'mon testDoublon', '25000', 'YEH!!', '2015-08-02 00:00:00', null, '1', '0', '1', '0', '1', '0', '420', '297', '210', '297', '17', '2015-07-21 17:56:50', null, null, '2', '2015-07-21 17:57:46', '1', '0'), ('81', '012', 'mon testDoublon', '25000', 'YEH!!', '2015-08-02 00:00:00', null, '1', '0', '1', '0', '1', '0', '420', '297', '210', '297', '17', '2015-07-21 17:57:51', null, null, '2', '2015-07-21 18:01:20', '1', '0'), ('82', '012', 'mon testDoublon', '25000', 'YEH!!', '2015-08-02 00:00:00', null, '1', '0', '1', '0', '1', '0', '420', '297', '210', '297', '17', '2015-07-21 18:01:24', null, null, '1', '2015-07-27 20:56:05', '1', '0'), ('83', null, null, null, null, null, null, null, null, '1', '0', '0', '0', null, null, null, null, '17', '2015-07-27 20:09:15', null, null, '1', '2015-07-27 20:10:35', '1', '0'), ('84', null, null, null, null, null, null, null, null, '1', '0', '0', '0', null, null, null, null, '17', '2015-07-27 20:09:28', null, null, '1', '2015-07-27 20:10:35', '1', '0'), ('85', null, null, null, null, null, null, null, null, '1', '0', '0', '0', null, null, null, null, '17', '2015-07-27 20:10:20', null, null, '1', '2015-07-27 20:10:28', '1', '0'), ('86', null, null, null, null, null, null, null, null, '1', '0', '0', '0', null, null, null, null, '17', '2015-07-27 20:10:50', null, null, '1', '2015-07-27 20:51:10', '1', '0'), ('87', null, null, null, null, null, null, null, null, '1', '0', '0', '0', null, null, null, null, '17', '2015-07-27 20:10:50', null, null, '1', '2015-07-27 20:51:10', '1', '0'), ('88', '011', 'mon test fn php', '25000', 'YEH!!', '2015-08-02 00:00:00', null, '1', '0', '1', '0', '1', '0', '420', '297', '210', '297', '17', '2015-07-27 20:35:48', null, null, '1', '2015-07-27 20:56:05', '1', '0'), ('89', '011', 'mon test fn php', '25000', 'YEH!!', '2015-08-02 00:00:00', null, '1', '0', '1', '0', '1', '0', '420', '297', '210', '297', '17', '2015-07-27 20:56:23', null, null, '1', '2015-07-27 21:17:04', '1', '0'), ('90', '011', 'mon test fn php', '25000', 'YEH!!', '2015-08-02 00:00:00', null, '1', '0', '1', '0', '1', '0', '420', '297', '210', '297', '17', '2015-07-27 21:17:07', null, null, '1', '2015-07-27 21:25:31', '1', '0'), ('91', '011', 'mon test fn php', '25000', 'YEH!!', '2015-08-02 00:00:00', null, '1', '0', '1', '0', '1', '0', '420', '297', '210', '297', '17', '2015-07-27 21:25:34', null, null, '2', '2015-07-28 00:54:26', '1', '0'), ('92', '012', 'mon test class php', '25000', 'YEH!!', '2015-08-02 00:00:00', null, '1', '0', '1', '0', '1', '0', '420', '297', '210', '297', '1', '2015-07-27 22:45:47', null, null, '1', '2015-07-27 22:46:25', '1', '0'), ('93', '012', 'mon test class php', '25000', 'YEH!!', '2015-08-02 00:00:00', null, '1', '0', '1', '0', '1', '0', '420', '297', '210', '297', '1', '2015-07-27 22:46:45', null, null, '1', '2015-07-27 22:48:16', '1', '0'), ('94', '012', 'mon test class php', '25000', 'YEH!!', '2015-08-02 00:00:00', null, '1', '0', '1', '0', '1', '0', '420', '297', '210', '297', '1', '2015-07-27 22:48:27', null, null, '1', '2015-07-27 22:51:03', '1', '0'), ('95', '012', 'mon test class php', '25000', 'YEH!!', '2015-08-02 00:00:00', null, '1', '0', '1', '0', '1', '0', '420', '297', '210', '297', '1', '2015-07-27 22:51:07', null, null, '1', '2015-07-27 22:52:09', '1', '0'), ('96', '012', 'mon test class php', '25000', 'YEH!!', '2015-08-02 00:00:00', null, '1', '0', '1', '0', '1', '0', '420', '297', '210', '297', '1', '2015-07-27 22:52:12', null, null, '1', '2015-07-27 22:54:26', '1', '0'), ('97', '012', 'mon test class php', '25000', 'YEH!!', '2015-08-02 00:00:00', null, '1', '0', '1', '0', '1', '0', '420', '297', '210', '297', '1', '2015-07-27 22:54:29', null, null, '1', '2015-07-27 22:54:50', '1', '0'), ('98', '012', 'mon test class php', '25000', 'YEH!!', '2015-08-02 00:00:00', null, '1', '0', '1', '0', '1', '0', '420', '297', '210', '297', '1', '2015-07-27 22:54:53', null, null, '1', '2015-07-27 22:56:07', '1', '0'), ('99', '012', 'mon test class php', '25000', 'YEH!!', '2015-08-02 00:00:00', null, '1', '0', '1', '0', '1', '0', '420', '297', '210', '297', '1', '2015-07-27 22:56:12', null, null, '1', '2015-07-27 23:17:27', '1', '0'), ('100', '012', 'mon test class php', '25000', 'YEH!!', '2015-08-02 00:00:00', '2', '1', '0', '1', '0', '1', '0', '420', '297', '210', '297', '1', '2015-07-27 23:17:30', null, null, '1', '2015-07-27 23:17:57', '1', '0'), ('101', '012', 'mon test class php', '25000', 'YEH!!', '2015-08-02 00:00:00', '2', '1', '0', '1', '0', '1', '0', '420', '297', '210', '297', '1', '2015-07-27 23:18:00', null, null, '1', '2015-07-27 23:35:30', '1', '0'), ('102', '012', 'mon test class php', '25000', 'YEH!!', '2015-08-02 00:00:00', '0', '1', '0', '1', '0', '1', '0', '420', '297', '210', '297', '1', '2015-07-27 23:36:05', null, null, '1', '2015-07-27 23:37:25', '1', '0'), ('103', '012', 'mon test class php', '25000', 'YEH!!', '2015-08-02 00:00:00', '0', '1', '0', '1', '0', '1', '0', '420', '297', '210', '297', '1', '2015-07-27 23:37:34', null, null, '1', '2015-07-27 23:38:24', '1', '0'), ('104', '012', 'mon test class php', '25000', 'YEH!!', '2015-08-02 00:00:00', '0', '1', '0', '1', '0', '1', '0', '420', '297', '210', '297', '1', '2015-07-27 23:38:31', null, null, '1', '2015-07-27 23:45:38', '1', '0'), ('105', '012', 'mon test class php', '25000', 'YEH!!', '2015-08-02 00:00:00', '2', '1', '0', '1', '0', '1', '0', '420', '297', '210', '297', '1', '2015-07-27 23:45:44', null, null, '1', '2015-07-27 23:45:59', '1', '0'), ('106', '012', 'mon test class php', '25000', 'YEH!!', '2015-08-02 00:00:00', '2', '1', '0', '1', '0', '1', '0', '420', '297', '210', '297', '1', '2015-07-27 23:46:03', null, null, '1', '2015-07-27 23:54:07', '1', '0'), ('107', '012', 'mon test class php', '25000', 'YEH!!', '2015-08-02 00:00:00', '2', '1', '0', '1', '0', '1', '0', '420', '297', '210', '297', '1', '2015-07-27 23:54:19', null, null, '1', '2015-07-27 23:54:56', '1', '0'), ('108', '012', 'mon test class php', '25000', 'YEH!!', '2015-08-02 00:00:00', '2', '1', '0', '1', '0', '1', '0', '420', '297', '210', '297', '1', '2015-07-27 23:54:58', null, null, '2', '2015-07-28 00:09:00', '1', '0'), ('109', '013', 'RefClient', '2500', 'Commentaire', '2015-08-02 00:00:00', '2', '1', '0', '1', '0', '1', '0', '420', '297', '210', '297', '1', '2015-07-28 00:02:33', null, null, '1', '2015-07-28 00:05:52', '1', '0'), ('110', '013', 'RefClient', '2500', 'Commentaire', '2015-08-02 00:00:00', '2', '1', '0', '1', '0', '1', '0', '420', '297', '210', '297', '1', '2015-07-28 00:05:59', null, null, '2', '2015-07-28 00:09:00', '1', '0'), ('111', '013', 'RefClient', '2500', 'Commentaire', '2015-08-02 00:00:00', '2', '1', '0', '1', '0', '1', '0', '420', '297', '210', '297', '17', '2015-07-28 00:09:12', null, null, '2', '2015-07-28 00:10:26', '1', '0'), ('112', '013', 'RefClient', '2500', 'Commentaire', '2015-08-02 00:00:00', '2', '1', '0', '1', '0', '1', '0', '420', '297', '210', '297', '17', '2015-07-28 00:10:30', null, null, '2', '2015-07-28 00:31:50', '1', '0'), ('113', '013', 'RefClient', '2500', 'Commentaire', '2015-08-02 00:00:00', '2', '1', '0', '2', '0', '1', '0', '420', '297', '210', '297', '17', '2015-07-28 00:31:53', null, null, '2', '2015-07-28 00:54:26', '1', '0'), ('114', '010', 'RefClient', '2500', 'Commentaire', '2015-08-02 00:00:00', '2', '1', '0', '2', '0', '1', '0', '420', '297', '210', '297', '17', '2015-07-28 00:55:02', null, null, '2', '2015-07-28 01:02:23', '1', '0'), ('115', '010', 'RefClient', '2500', 'Commentaire', '2015-08-02 00:00:00', '2', '1', '0', '2', '0', '1', '0', '420', '297', '210', '297', '17', '2015-07-28 01:02:27', null, null, '2', '2015-07-28 01:04:34', '1', '0'), ('116', '010', 'RefClient', '2500', 'Commentaire', '2015-08-02 00:00:00', '2', '1', '0', '2', '0', '1', '0', '420', '297', '210', '297', '17', '2015-07-28 01:04:36', null, null, '2', '2015-07-28 01:09:15', '1', '0'), ('117', '010', 'RefClient', '2500', 'Commentaire', '2015-08-02 00:00:00', '2', '1', '0', '2', '0', '1', '0', '420', '297', '210', '297', '17', '2015-07-28 01:09:39', null, null, '2', '2015-07-28 01:10:05', '1', '0'), ('118', '010', 'RefClient', '2500', 'Commentaire', '2015-08-02 00:00:00', '2', '1', '0', '2', '0', '1', '0', '420', '297', '210', '297', '17', '2015-07-28 01:10:08', null, null, '2', '2015-07-28 01:26:46', '1', '0'), ('119', '010', 'RefClient', '2500', 'Commentaire', '2015-08-02 00:00:00', '2', '1', '0', '2', '0', '1', '0', '420', '297', '210', '297', '17', '2015-07-28 01:26:48', null, null, '2', '2015-07-28 01:27:22', '1', '0'), ('120', '010', 'RefClient', '2500', 'Commentaire', '2015-08-02 00:00:00', '0', '1', '0', '2', '0', '1', '0', '420', '297', '210', '297', '17', '2015-07-28 01:27:37', null, null, '2', '2015-07-28 01:32:29', '1', '0'), ('121', '012', 'RefClient', '2500', 'Commentaire', '2015-08-02 00:00:00', '0', '1', '0', '2', '0', '1', '0', '420', '297', '210', '297', '17', '2015-07-28 01:29:20', null, null, '2', '2015-07-28 01:32:29', '1', '0'), ('122', '013', 'RefClient', '2500', 'Commentaire', '2015-08-02 00:00:00', '1', '1', '0', '2', '0', '1', '0', '420', '297', '210', '297', '17', '2015-07-28 01:29:53', null, null, '2', '2015-07-28 01:32:29', '1', '0'), ('123', '010', 'RefClient', '2500', 'Commentaire', '2015-08-02 00:00:00', '2', '1', '0', '2', '0', '1', '0', '420', '297', '210', '297', '17', '2015-07-28 01:33:07', null, null, '2', '2015-07-28 10:48:43', '1', '0'), ('124', '011', 'RefClient', '2500', 'Commentaire', '2015-08-02 00:00:00', '0', '1', '0', '2', '0', '1', '0', '420', '297', '210', '297', '17', '2015-07-28 01:33:30', null, null, '2', '2015-07-28 01:35:04', '1', '0'), ('125', '011', 'RefClient', '2500', 'Commentaire', '2015-08-02 00:00:00', '0', '1', '0', '2', '0', '1', '0', '420', '297', '210', '297', '17', '2015-07-28 01:35:07', null, null, '2', '2015-07-28 01:35:46', '1', '0'), ('126', '011', 'RefClient', '2500', 'Commentaire', '2015-08-02 00:00:00', '0', '1', '0', '2', '0', '1', '0', '420', '297', '210', '297', '17', '2015-07-28 01:35:48', null, null, '2', '2015-07-28 10:48:43', '1', '0'), ('127', '012', 'RefClient', '2500', 'Commentaire', '2015-08-02 00:00:00', '0', '1', '0', '2', '0', '1', '0', '420', '297', '210', '297', '17', '2015-07-28 01:40:48', null, null, '2', '2015-07-28 10:48:43', '1', '0'), ('128', '025', 'RefClient', '2500', 'Commentaire', '2015-08-02 00:00:00', '0', '1', '0', '2', '0', '1', '0', '420', '297', '210', '297', '17', '2015-07-28 10:31:31', null, null, '2', '2015-07-28 10:48:43', '1', '0'), ('129', '015', 'RefClient', '2500', 'Commentaire', '2015-08-02 00:00:00', '2', '1', '0', '2', '0', '1', '0', '420', '297', '210', '297', '17', '2015-07-28 10:33:53', '2', '2015-07-28 10:48:44', '2', '2015-07-28 10:48:43', '1', '0'), ('130', '010', 'BRA4', '2500', 'PSTRV', '2015-08-02 00:00:00', '1', '1', '0', '2', '0', '1', '0', '420', '297', '210', '297', '17', '2015-07-28 10:57:23', null, null, '2', '2015-07-28 11:17:48', '1', '0'), ('131', '020', 'BRA4', '2500', 'PSTRV', '2015-08-02 00:00:00', '1', '1', '0', '2', '0', '1', '0', '420', '297', '210', '297', '17', '2015-07-28 11:31:51', null, null, '2', '2015-07-28 11:32:25', '1', '0'), ('132', '020', 'BRA4', '2500', 'PSTRV', '2015-08-02 00:00:00', '1', '1', '0', '2', '0', '1', '0', '420', '297', '210', '297', '17', '2015-07-28 11:34:39', null, null, '2', '2015-07-28 11:39:27', '1', '0'), ('133', '020', 'BRA4', '2500', 'PSTRV', '2015-08-02 00:00:00', '1', '1', '0', '2', '0', '1', '0', '420', '297', '210', '297', '17', '2015-07-28 11:39:31', null, null, '2', '2015-07-28 23:41:58', '1', '0'), ('134', '101', 'BRA4', '2500', 'PSTRV', '2015-08-02 00:00:00', '1', '1', '0', '2', '0', '1', '0', '420', '297', '210', '297', '17', '2015-07-28 23:43:02', null, null, '2', '2015-07-28 23:46:49', '1', '0'), ('135', '131', 'BRA4', '2500', 'PSTRV', '2015-08-02 00:00:00', '1', '1', '0', '2', '0', '1', '0', '420', '297', '210', '297', '17', '2015-07-28 23:44:49', null, null, '2', '2015-07-28 23:46:49', '1', '0'), ('136', '102', 'BRA4', '2500', 'PSTRV', '2015-08-02 00:00:00', '1', '1', '0', '2', '0', '1', '0', '420', '297', '210', '297', '17', '2015-07-28 23:45:30', null, null, '2', '2015-07-28 23:46:49', '1', '0'), ('137', '151', 'BRA4', '2500', 'PSTRV', '2015-08-02 00:00:00', '1', '1', '0', '2', '0', '1', '0', '420', '297', '210', '297', '17', '2015-07-28 23:46:53', null, null, null, null, '0', '0'), ('138', '152', 'BRA4', '2500', 'PSTRV', '2015-08-02 00:00:00', '1', '1', '0', '2', '0', '1', '0', '420', '297', '210', '297', '17', '2015-07-28 23:46:54', null, null, null, null, '0', '0'), ('139', '222', 'FLYA4', '500', 'QRVPBR', '2015-08-02 00:00:00', '1', '1', '0', '2', '0', '0', '0', '0', '0', '210', '297', '17', '2015-07-28 23:50:13', null, null, null, null, '0', '0'), ('140', '333', 'FLYA4', '500', 'QRVPBR', '2015-08-02 00:00:00', '1', '1', '0', '2', '0', '0', '0', '210', '297', null, null, '17', '2015-07-28 23:51:10', null, null, null, null, '0', '0'), ('141', '696', null, null, null, null, '0', null, null, '2', '0', '0', '0', null, null, null, null, '17', '2015-07-28 23:52:06', null, null, null, null, '0', '0'), ('142', '121', 'BRA4', '2500', 'PSTRV', '2015-08-02 00:00:00', '1', '1', '0', '2', '0', '1', '0', '420', '297', '210', '297', '17', '2015-07-29 00:04:25', null, null, null, null, '0', '0'), ('143', '192', 'FLYA4', '500', 'QRVPBR', '2015-08-02 00:00:00', '1', '1', '0', '2', '0', '0', '0', '210', '297', '0', '0', '17', '2015-07-29 00:04:46', null, null, null, null, '0', '0'), ('144', 'S1507001/01', 'FLYA4', '500', 'QRVPBR', '2015-08-02 00:00:00', '1', '1', '0', '2', '0', '0', '0', '210', '297', '0', '0', '17', '2015-07-29 00:05:47', null, null, null, null, '0', '0');
COMMIT;

-- ----------------------------
--  Table structure for `TBL_DOSSIER_DE_FAB_TL_ELEMENT`
-- ----------------------------
DROP TABLE IF EXISTS `TBL_DOSSIER_DE_FAB_TL_ELEMENT`;
CREATE TABLE `TBL_DOSSIER_DE_FAB_TL_ELEMENT` (
  `IDDossierDeFab_tl_element` int(11) NOT NULL AUTO_INCREMENT,
  `IDDossierDeFab` int(11) DEFAULT NULL,
  `IDElement` varchar(11) DEFAULT NULL,
  `Quantite` int(11) DEFAULT NULL,
  `IDSupport` int(11) DEFAULT NULL,
  `IDFormat` int(11) DEFAULT NULL,
  `Commentaire` varchar(255) DEFAULT NULL,
  `IDMembreAdd` int(11) DEFAULT NULL,
  `DateAdd` datetime DEFAULT NULL,
  `IDMembreMaj` int(11) DEFAULT NULL,
  `DateMaj` datetime DEFAULT NULL,
  `IDMembreSupp` int(11) DEFAULT NULL,
  `DateSupp` datetime DEFAULT NULL,
  `EstSupp` int(1) NOT NULL DEFAULT '0',
  `EstProtected` int(1) NOT NULL DEFAULT '0',
  `IDImpression` int(11) DEFAULT NULL,
  PRIMARY KEY (`IDDossierDeFab_tl_element`)
) ENGINE=InnoDB AUTO_INCREMENT=214 DEFAULT CHARSET=latin1 ROW_FORMAT=COMPACT;

-- ----------------------------
--  Records of `TBL_DOSSIER_DE_FAB_TL_ELEMENT`
-- ----------------------------
BEGIN;
INSERT INTO `TBL_DOSSIER_DE_FAB_TL_ELEMENT` VALUES ('1', '1', '4', '2500', '4', '2', 'BAT MACHINE !', '2', '2015-06-22 23:18:26', '2', '2015-06-29 16:05:21', '2', '2015-07-05 21:25:23', '1', '0', '0'), ('2', '1', '5', '2500', '2', '5', '16p encartés', '2', '2015-06-22 23:18:26', '2', '2015-06-29 16:05:21', '2', '2015-07-05 21:25:23', '1', '0', '0'), ('3', '2', '4', '10000', '4', '2', '', '2', '2015-06-22 23:20:10', '2', '2015-07-02 00:25:33', '2', '2015-07-05 21:25:23', '1', '0', '0'), ('4', '3', '4', '5000', '1', '3', '', '2', '2015-06-22 23:22:00', '2', '2015-07-02 10:05:00', '2', '2015-07-05 21:25:23', '1', '0', '0'), ('5', '4', '1', '50000', '4', '2', 'Cover print 1 side only but varnish 2 sides', '2', '2015-06-23 18:14:38', '2', '2015-07-02 10:03:07', '2', '2015-07-05 21:25:23', '1', '0', '0'), ('6', '4', '4', '50000', '4', '5', '', '2', '2015-06-23 18:14:38', '2', '2015-07-02 10:03:07', '2', '2015-07-05 21:25:23', '1', '0', '0'), ('7', '5', '1', '5000', '4', '2', 'BAT MACHINE !!', '2', '2015-06-23 22:40:42', '15', '2015-07-01 10:02:26', '2', '2015-07-05 21:25:23', '1', '0', '0'), ('8', '5', '4', '10000', '2', '5', '1er cahier int', '2', '2015-06-23 22:40:42', '15', '2015-07-01 10:02:26', '2', '2015-07-05 21:25:23', '1', '0', '0'), ('9', '5', '5', '10000', '2', '5', '', '2', '2015-06-23 22:40:42', '15', '2015-07-01 10:02:26', '2', '2015-07-05 21:25:23', '1', '0', '0'), ('10', '5', '6', '10000', '2', '5', '', '2', '2015-06-23 22:40:42', '15', '2015-07-01 10:02:26', '2', '2015-07-05 21:25:23', '1', '0', '0'), ('11', '6', '1', '1250', '4', '2', 'Print only 1 side', '2', '2015-06-24 11:36:46', '2', '2015-06-26 02:06:02', '2', '2015-07-05 21:25:23', '1', '0', '0'), ('12', '6', '4', '1250', '2', '5', '4p x2', '2', '2015-06-24 11:36:46', '2', '2015-06-26 02:06:02', '2', '2015-07-05 21:25:23', '1', '0', '0'), ('13', '6', '5', '2500', '2', '5', '16p', '2', '2015-06-24 11:36:46', '2', '2015-06-26 02:06:02', '2', '2015-07-05 21:25:23', '1', '0', '0'), ('14', '7', '4', '13000', '2', '1', '', '2', '2015-06-24 23:13:04', '15', '2015-07-01 11:19:06', '2', '2015-07-05 21:25:23', '1', '0', '0'), ('15', '8', '4', '3000', '2', '1', '', '2', '2015-06-24 23:15:06', '15', '2015-07-01 11:18:33', '2', '2015-07-05 21:25:23', '1', '0', '0'), ('16', '8', '5', '3000', '2', '1', '', '2', '2015-06-24 23:15:06', '15', '2015-07-01 11:18:33', '2', '2015-07-05 21:25:23', '1', '0', '0'), ('17', '9', '4', '18000', '1', '1', '', '2', '2015-06-24 23:17:05', '15', '2015-07-01 11:18:02', '2', '2015-07-05 21:25:10', '1', '0', '0'), ('18', '9', '5', '18000', '1', '1', '', '2', '2015-06-24 23:17:05', '15', '2015-07-01 11:18:02', '2', '2015-07-05 21:25:10', '1', '0', '0'), ('19', '10', '1', '10500', '2', '1', '', '2', '2015-06-24 23:19:02', '15', '2015-07-01 11:17:42', '2', '2015-07-05 21:25:10', '1', '0', '0'), ('20', '10', '2', '10500', '2', '1', '', '2', '2015-06-24 23:19:02', '15', '2015-07-01 11:17:42', '2', '2015-07-05 21:25:10', '1', '0', '0'), ('21', '11', '4', '1500', '4', '2', 'Vernis machine', '2', '2015-06-26 01:50:38', '15', '2015-07-01 11:17:23', '2', '2015-07-05 21:25:10', '1', '0', '0'), ('22', '12', '4', '1000', '4', '5', '', '2', '2015-06-26 02:45:51', '2', '2015-07-02 01:02:47', '2', '2015-07-05 21:25:10', '1', '0', '0'), ('23', '13', '1', '12500', '4', '2', 'BAT MACHINE !!', '2', '2015-06-29 10:49:38', null, null, '2', '2015-07-05 21:25:10', '1', '0', null), ('24', '13', '4', '12500', '2', '5', '4p x2', '2', '2015-06-29 10:49:38', null, null, '2', '2015-07-05 21:25:10', '1', '0', null), ('25', '13', '5', '25000', '2', '5', '16p', '2', '2015-06-29 10:49:38', null, null, '2', '2015-07-05 21:25:10', '1', '0', null), ('26', '14', '4', '1250', '4', '5', '', '2', '2015-06-29 15:38:37', '2', '2015-07-02 01:03:08', '2', '2015-07-05 21:25:10', '1', '0', '0'), ('27', '15', '4', '5500', '2', '1', '', '2', '2015-06-29 16:08:56', '15', '2015-07-01 11:16:47', '2', '2015-07-05 21:25:10', '1', '0', '0'), ('28', '16', '4', '1000', '4', '2', '', '2', '2015-06-29 16:26:13', '15', '2015-07-01 11:16:30', '2', '2015-07-01 16:39:13', '1', '0', '0'), ('29', '17', '4', '10000', '4', '5', '', '2', '2015-07-02 00:27:50', null, null, '2', '2015-07-05 21:25:23', '1', '0', null), ('30', '17', '5', '10000', '4', '5', '', '2', '2015-07-02 00:27:50', null, null, '2', '2015-07-05 21:25:23', '1', '0', null), ('31', '18', '4', '250', '2', '3', '', '16', '2015-07-02 15:05:42', '2', '2015-07-02 22:42:33', '2', '2015-07-05 21:25:10', '1', '0', '0'), ('32', '19', '1', '12500', '4', '2', 'BAT MACHINE !', '2', '2015-07-03 02:14:40', null, null, '2', '2015-07-05 21:25:10', '1', '0', null), ('33', '19', '4', '50000', '1', '3', '', '2', '2015-07-03 02:14:40', null, null, '2', '2015-07-05 21:25:10', '1', '0', null), ('34', '19', '5', '50000', '1', '3', '', '2', '2015-07-03 02:14:40', null, null, '2', '2015-07-05 21:25:10', '1', '0', null), ('35', '19', '6', '50000', '1', '3', '', '2', '2015-07-03 02:14:40', null, null, '2', '2015-07-05 21:25:10', '1', '0', null), ('36', '19', '7', '50000', '1', '3', '', '2', '2015-07-03 02:14:40', null, null, '2', '2015-07-05 21:25:10', '1', '0', null), ('37', '19', '8', '50000', '1', '3', '', '2', '2015-07-03 02:14:40', null, null, '2', '2015-07-05 21:25:10', '1', '0', null), ('38', '19', '9', '50000', '1', '3', '', '2', '2015-07-03 02:14:40', null, null, '2', '2015-07-05 21:25:10', '1', '0', null), ('39', '19', '10', '50000', '1', '3', '', '2', '2015-07-03 02:14:40', null, null, '2', '2015-07-05 21:25:10', '1', '0', null), ('40', '19', '11', '50000', '1', '3', '', '2', '2015-07-03 02:14:40', null, null, '2', '2015-07-05 21:25:10', '1', '0', null), ('41', '19', '12', '50000', '1', '3', '', '2', '2015-07-03 02:14:40', null, null, '2', '2015-07-05 21:25:10', '1', '0', null), ('42', '19', '13', '50000', '1', '3', '', '2', '2015-07-03 02:14:40', null, null, '2', '2015-07-05 21:25:10', '1', '0', null), ('43', '20', '4', '2500', '4', '2', '', '2', '2015-07-05 21:32:12', '2', '2015-07-05 21:35:56', '2', '2015-07-05 21:35:55', '1', '0', '0'), ('44', '21', '4', '1', '4', '2', '', '2', '2015-07-05 21:36:35', null, null, '2', '2015-07-05 21:40:51', '1', '0', null), ('45', '22', '4', '1', '4', '2', '', '2', '2015-07-05 21:39:00', null, null, '2', '2015-07-05 21:40:51', '1', '0', null), ('46', '23', '4', '1', '4', '2', '', '2', '2015-07-05 21:41:15', null, null, '2', '2015-07-08 01:16:26', '1', '0', null), ('47', '24', '1', '2500', '4', '2', '', '2', '2015-07-06 09:24:06', null, null, '2', '2015-07-08 01:15:51', '1', '0', null), ('48', '24', '4', '2500', '4', '2', '', '2', '2015-07-06 09:24:06', null, null, '2', '2015-07-08 01:15:51', '1', '0', null), ('49', '24', '5', '2500', '4', '2', '', '2', '2015-07-06 09:24:06', null, null, '2', '2015-07-08 01:15:51', '1', '0', null), ('50', '24', '6', '2500', '4', '2', '', '2', '2015-07-06 09:24:06', null, null, '2', '2015-07-08 01:15:51', '1', '0', null), ('51', '24', '7', '2500', '4', '2', '', '2', '2015-07-06 09:24:06', null, null, '2', '2015-07-08 01:15:51', '1', '0', null), ('52', '24', '8', '2500', '4', '2', '', '2', '2015-07-06 09:24:06', null, null, '2', '2015-07-08 01:15:51', '1', '0', null), ('53', '24', '9', '2500', '4', '2', '', '2', '2015-07-06 09:24:06', null, null, '2', '2015-07-08 01:15:51', '1', '0', null), ('54', '24', '10', '2500', '4', '2', '', '2', '2015-07-06 09:24:06', null, null, '2', '2015-07-08 01:15:51', '1', '0', null), ('55', '24', '11', '2500', '4', '2', '', '2', '2015-07-06 09:24:06', null, null, '2', '2015-07-08 01:15:51', '1', '0', null), ('56', '24', '12', '2500', '4', '2', '', '2', '2015-07-06 09:24:06', null, null, '2', '2015-07-08 01:15:51', '1', '0', null), ('57', '24', '13', '2500', '4', '2', '', '2', '2015-07-06 09:24:06', null, null, '2', '2015-07-08 01:15:51', '1', '0', null), ('58', '25', '4', '1', '2', '1', '', '2', '2015-07-06 09:25:31', null, null, '2', '2015-07-08 01:14:23', '1', '0', null), ('59', '25', '5', '1', '2', '1', '', '2', '2015-07-06 09:25:31', null, null, '2', '2015-07-08 01:14:23', '1', '0', null), ('60', '25', '6', '1', '2', '1', '', '2', '2015-07-06 09:25:31', null, null, '2', '2015-07-08 01:14:23', '1', '0', null), ('61', '25', '7', '1', '2', '1', '', '2', '2015-07-06 09:25:31', null, null, '2', '2015-07-08 01:14:23', '1', '0', null), ('62', '25', '8', '1', '2', '1', '', '2', '2015-07-06 09:25:31', null, null, '2', '2015-07-08 01:14:23', '1', '0', null), ('63', '26', '4', '22', '4', '5', 'mon comm', '2', '2015-07-06 17:55:26', null, null, '2', '2015-07-11 23:21:42', '1', '0', null), ('64', '27', '4', '200', '4', '2', '', '2', '2015-07-07 09:54:59', null, null, '2', '2015-07-08 00:29:03', '1', '0', null), ('67', '28', '4', '22', '3', '4', '', '2', '2015-07-08 00:29:38', null, null, '2', '2015-07-08 00:35:44', '1', '0', null), ('68', '28', '4', '22', '3', '4', '', '2', '2015-07-08 00:32:18', null, null, '2', '2015-07-08 00:35:44', '1', '0', null), ('69', '28', '4', '22', '3', '4', '', '2', '2015-07-08 00:35:15', null, null, '2', '2015-07-08 00:35:44', '1', '0', null), ('70', '29', '4', '123', '4', '5', 'com', '2', '2015-07-08 00:36:18', null, null, '2', '2015-07-08 00:39:57', '1', '0', null), ('71', '29', '4', '123', '4', '5', 'com', '2', '2015-07-08 00:37:52', null, null, '2', '2015-07-08 00:39:57', '1', '0', null), ('72', '30', '4', '123', '4', '5', 'com', '2', '2015-07-08 00:40:02', null, null, '2', '2015-07-08 00:48:12', '1', '0', null), ('73', '30', '4', '125', '4', '5', 'com2', '2', '2015-07-08 00:41:42', null, null, '2', '2015-07-08 00:48:12', '1', '0', null), ('74', '30', '5', '111', '1', '1', '', '2', '2015-07-08 00:41:42', null, null, '2', '2015-07-08 00:48:12', '1', '0', null), ('75', '31', '4', '123', '4', '5', 'com', '2', '2015-07-08 00:48:16', null, null, '2', '2015-07-08 01:13:24', '1', '0', null), ('76', '31', '4', '123', '4', '5', 'com elem1', '2', '2015-07-08 00:49:31', null, null, '2', '2015-07-08 01:13:24', '1', '0', null), ('77', '31', '2', '111', '1', '1', 'com elem2', '2', '2015-07-08 00:49:31', null, null, '2', '2015-07-08 01:13:24', '1', '0', null), ('78', '32', '4', '12', '1', '3', '', '2', '2015-07-08 00:53:15', null, null, '2', '2015-07-08 01:12:45', '1', '0', null), ('79', '32', '4', '12', '1', '3', '', '2', '2015-07-08 00:53:46', null, null, '2', '2015-07-08 01:12:45', '1', '0', null), ('80', '32', '4', '12', '1', '3', '', '2', '2015-07-08 01:12:45', null, null, null, null, '0', '0', null), ('81', '31', '2', '111', '1', '1', 'com elem2', '2', '2015-07-08 01:13:24', null, null, null, null, '0', '0', null), ('82', '31', '4', '123', '4', '5', 'com elem1', '2', '2015-07-08 01:13:24', null, null, null, null, '0', '0', null), ('83', '26', '4', '22', '4', '5', 'mon comm', '2', '2015-07-08 01:13:44', null, null, '2', '2015-07-11 23:21:42', '1', '0', null), ('84', '25', '4', '1', '2', '1', '', '2', '2015-07-08 01:14:23', null, null, null, null, '0', '0', null), ('85', '25', '5', '1', '2', '1', '', '2', '2015-07-08 01:14:23', null, null, null, null, '0', '0', null), ('86', '25', '6', '1', '2', '1', '', '2', '2015-07-08 01:14:23', null, null, null, null, '0', '0', null), ('87', '25', '7', '1', '2', '1', '', '2', '2015-07-08 01:14:23', null, null, null, null, '0', '0', null), ('88', '25', '8', '1', '2', '1', '', '2', '2015-07-08 01:14:23', null, null, null, null, '0', '0', null), ('89', '24', '4', '2500', '1', '3', '', '2', '2015-07-08 01:15:51', null, null, null, null, '0', '0', null), ('90', '24', '5', '2500', '1', '3', '', '2', '2015-07-08 01:15:51', null, null, null, null, '0', '0', null), ('91', '24', '6', '2500', '1', '3', '', '2', '2015-07-08 01:15:51', null, null, null, null, '0', '0', null), ('92', '24', '7', '2500', '1', '3', '', '2', '2015-07-08 01:15:51', null, null, null, null, '0', '0', null), ('93', '24', '8', '2500', '1', '3', '', '2', '2015-07-08 01:15:51', null, null, null, null, '0', '0', null), ('94', '24', '9', '2500', '1', '3', '', '2', '2015-07-08 01:15:51', null, null, null, null, '0', '0', null), ('95', '24', '10', '2500', '1', '3', '', '2', '2015-07-08 01:15:51', null, null, null, null, '0', '0', null), ('96', '24', '11', '2500', '1', '3', '', '2', '2015-07-08 01:15:51', null, null, null, null, '0', '0', null), ('97', '24', '12', '2500', '1', '3', '', '2', '2015-07-08 01:15:51', null, null, null, null, '0', '0', null), ('98', '24', '13', '2500', '1', '3', '', '2', '2015-07-08 01:15:51', null, null, null, null, '0', '0', null), ('99', '24', '14', '2500', '1', '3', '', '2', '2015-07-08 01:15:51', null, null, null, null, '0', '0', null), ('100', '23', '4', '1', '4', '2', '', '2', '2015-07-08 01:16:26', null, null, null, null, '0', '0', null), ('101', '33', '1', '2300', '4', '2', '', '2', '2015-07-11 22:16:18', null, null, null, null, '0', '0', null), ('102', '33', '4', '2300', '2', '3', '', '2', '2015-07-11 22:16:18', null, null, null, null, '0', '0', null), ('103', '33', '5', '2300', '2', '3', '', '2', '2015-07-11 22:16:18', null, null, null, null, '0', '0', null), ('104', '26', '4', '22', '3', '4', 'mon comm', '2', '2015-07-11 23:21:42', null, null, null, null, '0', '0', null), ('105', '26', '5', '250', '3', '4', '', '2', '2015-07-11 23:21:42', null, null, null, null, '0', '0', null), ('106', '26', '6', '120', '3', '4', '', '2', '2015-07-11 23:21:42', null, null, null, null, '0', '0', null), ('107', '34', '4', '15000', '4', '2', '', '2', '2015-07-11 23:36:08', null, null, null, null, '0', '0', null), ('108', '41', '4', '500', null, null, null, '17', '2015-07-16 02:27:39', null, null, '2', '2015-07-16 02:31:28', '1', '0', null), ('109', '42', null, '500', null, null, null, '17', '2015-07-16 02:31:32', null, null, '2', '2015-07-16 02:32:28', '1', '0', null), ('110', '43', null, '500', null, null, null, '17', '2015-07-16 02:32:31', null, null, '2', '2015-07-16 02:35:15', '1', '0', null), ('111', '43', '4', '500', '4', '2', '', '2', '2015-07-16 02:33:19', null, null, '2', '2015-07-16 02:35:15', '1', '0', null), ('112', '43', '4', '500', '4', '2', '', '2', '2015-07-16 02:35:15', null, null, null, null, '0', '0', null), ('113', '44', null, '500', null, null, null, '17', '2015-07-16 02:35:27', null, null, '2', '2015-07-16 02:36:00', '1', '0', null), ('114', '45', null, '500', null, null, null, '17', '2015-07-16 02:36:04', null, null, '2', '2015-07-16 02:36:45', '1', '0', null), ('115', '46', null, '25000', null, null, null, '17', '2015-07-16 02:36:49', null, null, '2', '2015-07-16 02:37:31', '1', '0', null), ('116', '47', null, '25000', null, null, null, '17', '2015-07-16 02:36:49', null, null, '2', '2015-07-16 02:37:31', '1', '0', null), ('117', '48', null, '500', null, null, null, '17', '2015-07-16 02:36:49', null, null, '2', '2015-07-16 02:37:31', '1', '0', null), ('118', '49', null, '25000', null, null, null, '17', '2015-07-16 02:37:34', null, null, '2', '2015-07-16 02:38:42', '1', '0', null), ('119', '50', null, '25000', null, null, null, '17', '2015-07-16 02:37:34', null, null, '2', '2015-07-16 02:38:42', '1', '0', null), ('120', '51', null, '500', null, null, null, '17', '2015-07-16 02:37:34', null, null, '2', '2015-07-16 02:38:42', '1', '0', null), ('121', '52', null, '500', null, null, null, '17', '2015-07-16 02:38:59', null, null, '2', '2015-07-16 02:39:54', '1', '0', null), ('122', '53', null, '25000', null, null, null, '17', '2015-07-16 02:38:59', null, null, '2', '2015-07-16 02:39:54', '1', '0', null), ('123', '54', null, '25000', null, null, null, '17', '2015-07-16 02:38:59', null, null, '2', '2015-07-16 02:39:54', '1', '0', null), ('124', '55', null, '500', null, null, null, '17', '2015-07-16 02:39:58', null, null, null, null, '0', '0', null), ('125', '56', null, '25000', null, null, null, '17', '2015-07-16 02:39:58', null, null, '2', '2015-07-17 00:04:23', '1', '0', null), ('126', '57', null, null, null, null, null, '17', '2015-07-16 23:59:24', null, null, '2', '2015-07-17 00:04:23', '1', '0', null), ('127', '58', null, null, null, null, null, '17', '2015-07-17 00:01:12', null, null, '2', '2015-07-17 00:04:23', '1', '0', null), ('128', '59', null, null, null, null, null, '17', '2015-07-17 00:02:10', null, null, '2', '2015-07-17 00:04:23', '1', '0', null), ('129', '60', null, null, null, null, null, '17', '2015-07-17 00:02:10', null, null, '2', '2015-07-17 00:04:23', '1', '0', null), ('130', '61', null, null, null, null, null, '17', '2015-07-17 00:02:10', null, null, '2', '2015-07-17 00:04:23', '1', '0', null), ('131', '62', null, '25000', null, null, null, '17', '2015-07-17 00:04:03', null, null, '2', '2015-07-17 00:04:23', '1', '0', null), ('132', '63', null, '25000', null, null, null, '17', '2015-07-17 00:04:27', null, null, '2', '2015-07-28 00:54:26', '1', '0', null), ('133', '64', null, '25000', null, null, null, '17', '2015-07-17 12:14:26', null, null, '2', '2015-07-17 14:54:14', '1', '0', null), ('134', '65', null, '25000', null, null, null, '17', '2015-07-17 14:50:46', null, null, '2', '2015-07-17 14:54:24', '1', '0', null), ('135', '66', null, '25000', null, null, null, '17', '2015-07-17 14:51:09', null, null, '2', '2015-07-17 14:53:19', '1', '0', null), ('136', '67', null, '25000', null, null, null, '17', '2015-07-17 14:55:03', null, null, '2', '2015-07-21 16:48:26', '1', '0', null), ('137', '63', '4', '25000', '2', '3', '', '2', '2015-07-21 11:51:59', null, null, '2', '2015-07-28 00:54:26', '1', '0', null), ('138', '68', null, '25000', null, null, null, '17', '2015-07-21 16:43:17', null, null, '2', '2015-07-21 16:47:09', '1', '0', null), ('139', '69', null, '25000', null, null, null, '17', '2015-07-21 16:46:30', null, null, '2', '2015-07-21 16:47:09', '1', '0', null), ('140', '70', null, '25000', null, null, null, '17', '2015-07-21 16:46:54', null, null, '2', '2015-07-21 16:47:09', '1', '0', null), ('141', '71', null, '25000', null, null, null, '17', '2015-07-21 16:47:34', null, null, '2', '2015-07-21 16:48:26', '1', '0', null), ('142', '72', null, '25000', null, null, null, '17', '2015-07-21 16:47:51', null, null, '2', '2015-07-21 16:48:26', '1', '0', null), ('143', '73', null, '25000', null, null, null, '17', '2015-07-21 16:47:59', null, null, '2', '2015-07-21 16:48:26', '1', '0', null), ('144', '74', null, '25000', null, null, null, '17', '2015-07-21 17:00:05', null, null, '2', '2015-07-21 17:23:38', '1', '0', null), ('145', '75', null, '25000', null, null, null, '17', '2015-07-21 17:15:57', null, null, '2', '2015-07-21 17:23:38', '1', '0', null), ('146', '76', null, '25000', null, null, null, '17', '2015-07-21 17:16:50', null, null, '2', '2015-07-21 17:23:38', '1', '0', null), ('147', '77', null, '25000', null, null, null, '17', '2015-07-21 17:17:02', null, null, '2', '2015-07-21 17:23:38', '1', '0', null), ('148', '78', null, '25000', null, null, null, '17', '2015-07-21 17:19:10', null, null, '2', '2015-07-21 17:23:38', '1', '0', null), ('149', '79', null, '25000', null, null, null, '17', '2015-07-21 17:44:12', null, null, '2', '2015-07-21 17:57:46', '1', '0', null), ('150', '80', null, '25000', null, null, null, '17', '2015-07-21 17:56:50', null, null, '2', '2015-07-21 17:57:46', '1', '0', null), ('151', '81', null, '25000', null, null, null, '17', '2015-07-21 17:57:51', null, null, '2', '2015-07-21 18:01:21', '1', '0', null), ('152', '82', null, '25000', null, null, null, '17', '2015-07-21 18:01:24', null, null, '1', '2015-07-27 20:56:05', '1', '0', null), ('153', '83', null, null, null, null, null, '17', '2015-07-27 20:09:15', null, null, '1', '2015-07-27 20:10:35', '1', '0', null), ('154', '84', null, null, null, null, null, '17', '2015-07-27 20:09:28', null, null, '1', '2015-07-27 20:10:35', '1', '0', null), ('155', '85', null, null, null, null, null, '17', '2015-07-27 20:10:20', null, null, '1', '2015-07-27 20:10:28', '1', '0', null), ('156', '86', null, null, null, null, null, '17', '2015-07-27 20:10:50', null, null, '1', '2015-07-27 20:51:10', '1', '0', null), ('157', '87', null, null, null, null, null, '17', '2015-07-27 20:10:50', null, null, '1', '2015-07-27 20:51:10', '1', '0', null), ('158', '88', null, '25000', null, null, null, '17', '2015-07-27 20:35:48', null, null, '1', '2015-07-27 20:56:05', '1', '0', null), ('159', '89', null, '25000', null, null, null, '17', '2015-07-27 20:56:23', null, null, '1', '2015-07-27 21:17:04', '1', '0', null), ('160', '90', null, '25000', null, null, null, '17', '2015-07-27 21:17:07', null, null, '1', '2015-07-27 21:25:31', '1', '0', null), ('161', '91', null, '25000', null, null, null, '17', '2015-07-27 21:25:34', null, null, '2', '2015-07-28 00:54:26', '1', '0', null), ('162', '92', null, '25000', null, null, null, '1', '2015-07-27 22:45:47', null, null, '1', '2015-07-27 22:46:25', '1', '0', null), ('163', '93', null, '25000', null, null, null, '1', '2015-07-27 22:46:45', null, null, '1', '2015-07-27 22:48:16', '1', '0', null), ('164', '94', null, '25000', null, null, null, '1', '2015-07-27 22:48:27', null, null, '1', '2015-07-27 22:51:03', '1', '0', null), ('165', '95', null, '25000', null, null, null, '1', '2015-07-27 22:51:07', null, null, '1', '2015-07-27 22:52:09', '1', '0', null), ('166', '96', null, '25000', null, null, null, '1', '2015-07-27 22:52:12', null, null, '1', '2015-07-27 22:54:26', '1', '0', null), ('167', '97', null, '25000', null, null, null, '1', '2015-07-27 22:54:29', null, null, '1', '2015-07-27 22:54:50', '1', '0', null), ('168', '98', null, '25000', null, null, null, '1', '2015-07-27 22:54:53', null, null, '1', '2015-07-27 22:56:07', '1', '0', null), ('169', '99', null, '25000', null, null, null, '1', '2015-07-27 22:56:12', null, null, '1', '2015-07-27 23:17:27', '1', '0', null), ('170', '100', null, '25000', null, null, null, '1', '2015-07-27 23:17:30', null, null, '1', '2015-07-27 23:17:57', '1', '0', null), ('171', '101', null, '25000', null, null, null, '1', '2015-07-27 23:18:00', null, null, '1', '2015-07-27 23:35:30', '1', '0', null), ('172', '102', null, '25000', null, null, null, '1', '2015-07-27 23:36:05', null, null, '1', '2015-07-27 23:37:25', '1', '0', null), ('173', '103', null, '25000', null, null, null, '1', '2015-07-27 23:37:34', null, null, '1', '2015-07-27 23:38:24', '1', '0', null), ('174', '104', null, '25000', null, null, null, '1', '2015-07-27 23:38:31', null, null, '1', '2015-07-27 23:45:38', '1', '0', null), ('175', '105', null, '25000', null, null, null, '1', '2015-07-27 23:45:44', null, null, '1', '2015-07-27 23:45:59', '1', '0', null), ('176', '106', null, '25000', null, null, null, '1', '2015-07-27 23:46:03', null, null, '1', '2015-07-27 23:54:07', '1', '0', null), ('177', '107', null, '25000', null, null, null, '1', '2015-07-27 23:54:19', null, null, '1', '2015-07-27 23:54:56', '1', '0', null), ('178', '108', null, '25000', null, null, null, '1', '2015-07-27 23:54:58', null, null, '2', '2015-07-28 00:09:00', '1', '0', null), ('179', '109', null, '2500', null, null, null, '1', '2015-07-28 00:02:33', null, null, '1', '2015-07-28 00:05:52', '1', '0', null), ('180', '110', null, '2500', null, null, null, '1', '2015-07-28 00:05:59', null, null, '2', '2015-07-28 00:09:00', '1', '0', null), ('181', '111', null, '2500', null, null, null, '17', '2015-07-28 00:09:12', null, null, '2', '2015-07-28 00:10:26', '1', '0', null), ('182', '112', null, '2500', null, null, null, '17', '2015-07-28 00:10:30', null, null, '2', '2015-07-28 00:31:50', '1', '0', null), ('183', '113', null, '2500', null, null, null, '17', '2015-07-28 00:31:53', null, null, '2', '2015-07-28 00:54:26', '1', '0', null), ('184', '116', '4', '1250', '7', '11', null, '17', '2015-07-28 01:04:36', null, null, '2', '2015-07-28 01:09:15', '1', '0', null), ('185', '117', '56', '1250', '8', '12', null, '17', '2015-07-28 01:09:39', null, null, '2', '2015-07-28 01:10:05', '1', '0', null), ('186', '118', '56', '1250', '8', '12', null, '17', '2015-07-28 01:10:08', null, null, '2', '2015-07-28 01:26:46', '1', '0', null), ('187', '119', '56', '1250', '8', '12', null, '17', '2015-07-28 01:26:50', null, null, '2', '2015-07-28 01:27:22', '1', '0', null), ('188', '120', '56', '1250', '8', '12', null, '17', '2015-07-28 01:27:39', null, null, '2', '2015-07-28 01:32:29', '1', '0', null), ('189', '121', '56', '1250', '8', '12', null, '17', '2015-07-28 01:29:21', null, null, '2', '2015-07-28 01:32:29', '1', '0', null), ('190', '122', '56', '1250', '8', '12', null, '17', '2015-07-28 01:29:54', null, null, '2', '2015-07-28 01:32:29', '1', '0', null), ('191', '123', '56', '1250', '8', '12', 'commmmm', '17', '2015-07-28 01:33:09', null, null, '2', '2015-07-28 10:48:43', '1', '0', null), ('192', '124', '56', '1250', '8', '12', 'commmmm', '17', '2015-07-28 01:33:32', null, null, '2', '2015-07-28 01:35:04', '1', '0', null), ('193', '125', '56', '1250', '8', '12', 'commmmm', '17', '2015-07-28 01:35:08', null, null, '2', '2015-07-28 01:35:46', '1', '0', null), ('194', '126', '56', '1250', '8', '12', 'commmmm', '17', '2015-07-28 01:35:49', null, null, '2', '2015-07-28 10:48:43', '1', '0', null), ('195', '127', '56', '1250', '8', '12', 'commmmm', '17', '2015-07-28 01:40:50', null, null, '2', '2015-07-28 10:48:43', '1', '0', null), ('196', '128', '56', '1250', '8', '12', 'commmmm', '17', '2015-07-28 10:31:32', null, null, '2', '2015-07-28 10:48:43', '1', '0', null), ('197', '129', '56', '1250', '8', '12', 'commmmm', '17', '2015-07-28 10:33:55', null, null, '2', '2015-07-28 10:48:44', '1', '0', null), ('198', '129', '56', '1250', '8', '12', 'commmmm', '2', '2015-07-28 10:34:25', null, null, '2', '2015-07-28 10:48:44', '1', '0', null), ('199', '129', '56', '1250', '8', '12', 'commmmm', '2', '2015-07-28 10:48:44', null, null, null, null, '0', '0', null), ('200', '130', '4', '2500', '4', '2', 'commmmm', '17', '2015-07-28 10:57:25', null, null, '2', '2015-07-28 11:17:48', '1', '0', null), ('201', '131', '4', '2500', '4', '2', 'commmmm', '17', '2015-07-28 11:31:53', null, null, '2', '2015-07-28 11:32:25', '1', '0', null), ('202', '132', '4', '2500', '4', '2', 'commmmm', '17', '2015-07-28 11:34:40', null, null, '2', '2015-07-28 11:39:27', '1', '0', null), ('203', '133', '4', '2500', '4', '2', 'commmmm', '17', '2015-07-28 11:39:32', null, null, '2', '2015-07-28 23:41:58', '1', '0', null), ('204', '134', '4', '2500', '4', '2', 'commmmm', '17', '2015-07-28 23:43:04', null, null, '2', '2015-07-28 23:46:49', '1', '0', null), ('205', '135', '4', '2500', '4', '2', 'commmmm', '17', '2015-07-28 23:44:51', null, null, '2', '2015-07-28 23:46:49', '1', '0', null), ('206', '136', '4', '2500', '4', '2', 'commmmm', '17', '2015-07-28 23:45:31', null, null, '2', '2015-07-28 23:46:49', '1', '0', null), ('207', '137', '4', '2500', '4', '2', 'commmmm', '17', '2015-07-28 23:46:54', null, null, null, null, '0', '0', null), ('208', '138', '4', '2500', '4', '2', 'commmmm', '17', '2015-07-28 23:46:55', null, null, null, null, '0', '0', null), ('209', '139', '4', '2500', '4', '2', 'commmmm', '17', '2015-07-28 23:50:15', null, null, null, null, '0', '0', null), ('210', '140', '4', '2500', '4', '2', 'commmmm', '17', '2015-07-28 23:51:12', null, null, null, null, '0', '0', null), ('211', '142', '4', '2500', '4', '2', 'commmmm', '17', '2015-07-29 00:04:27', null, null, null, null, '0', '0', null), ('212', '143', '4', '2500', '4', '2', 'commmmm', '17', '2015-07-29 00:04:47', null, null, null, null, '0', '0', null), ('213', '144', '4', '2500', '4', '2', 'commmmm', '17', '2015-07-29 00:05:48', null, null, null, null, '0', '0', null);
COMMIT;

-- ----------------------------
--  Table structure for `TBL_DOSSIER_DE_FAB_TL_ELEMENT_TL_MACHINE`
-- ----------------------------
DROP TABLE IF EXISTS `TBL_DOSSIER_DE_FAB_TL_ELEMENT_TL_MACHINE`;
CREATE TABLE `TBL_DOSSIER_DE_FAB_TL_ELEMENT_TL_MACHINE` (
  `IDDossierDeFab_tl_element_tl_machine` int(11) NOT NULL AUTO_INCREMENT,
  `IDDossierDeFab_tl_element` int(11) DEFAULT NULL,
  `IDMachine` int(11) DEFAULT NULL,
  `IDImpression` int(11) DEFAULT NULL,
  `IDMembreAdd` int(11) DEFAULT NULL,
  `DateAdd` datetime DEFAULT NULL,
  `IDMembreMaj` int(11) DEFAULT NULL,
  `DateMaj` datetime DEFAULT NULL,
  `IDMembreSupp` int(11) DEFAULT NULL,
  `DateSupp` datetime DEFAULT NULL,
  `EstSupp` int(1) NOT NULL DEFAULT '0',
  `EstProtected` int(1) NOT NULL DEFAULT '0',
  PRIMARY KEY (`IDDossierDeFab_tl_element_tl_machine`)
) ENGINE=InnoDB AUTO_INCREMENT=390 DEFAULT CHARSET=latin1 ROW_FORMAT=COMPACT;

-- ----------------------------
--  Records of `TBL_DOSSIER_DE_FAB_TL_ELEMENT_TL_MACHINE`
-- ----------------------------
BEGIN;
INSERT INTO `TBL_DOSSIER_DE_FAB_TL_ELEMENT_TL_MACHINE` VALUES ('1', '1', '2', '14', '2', '2015-06-22 23:18:26', null, null, null, null, '0', '0'), ('2', '1', '4', '1', '2', '2015-06-22 23:18:26', null, null, null, null, '0', '0'), ('3', '1', '7', '11', '2', '2015-06-22 23:18:26', null, null, null, null, '0', '0'), ('4', '1', '9', '10', '2', '2015-06-22 23:18:26', null, null, null, null, '0', '0'), ('5', '2', '2', '13', '2', '2015-06-22 23:18:26', null, null, null, null, '0', '0'), ('6', '2', '1', '6', '2', '2015-06-22 23:18:26', null, null, null, null, '0', '0'), ('7', '2', '9', '16', '2', '2015-06-22 23:18:26', null, null, null, null, '0', '0'), ('8', '2', '9', '17', '2', '2015-06-22 23:18:26', null, null, null, null, '0', '0'), ('9', '3', '2', '13', '2', '2015-06-22 23:20:10', null, null, null, null, '0', '0'), ('10', '3', '4', '1', '2', '2015-06-22 23:20:10', '15', '2015-07-02 15:49:10', null, null, '0', '0'), ('11', '3', '7', '12', '2', '2015-06-22 23:20:10', null, null, null, null, '0', '0'), ('12', '3', '3', '8', '2', '2015-06-22 23:20:10', '2', '2015-07-06 09:26:31', null, null, '0', '0'), ('13', '4', '2', '13', '2', '2015-06-22 23:22:00', null, null, null, null, '0', '0'), ('14', '4', '1', '4', '2', '2015-06-22 23:22:00', '15', '2015-07-02 15:49:10', null, null, '0', '0'), ('15', '4', '3', '20', '2', '2015-06-22 23:22:00', '2', '2015-07-06 09:26:31', null, null, '0', '0'), ('16', '5', '2', '14', '2', '2015-06-23 18:14:38', null, null, null, null, '0', '0'), ('17', '5', '4', '4', '2', '2015-06-23 18:14:38', null, null, null, null, '0', '0'), ('18', '5', '3', '15', '2', '2015-06-23 18:14:38', '2', '2015-07-06 09:26:31', null, null, '0', '0'), ('19', '5', '7', '11', '2', '2015-06-23 18:14:38', null, null, null, null, '0', '0'), ('20', '5', '9', '10', '2', '2015-06-23 18:14:38', null, null, null, null, '0', '0'), ('21', '6', '2', '13', '2', '2015-06-23 18:14:38', null, null, null, null, '0', '0'), ('22', '6', '12', '1', '2', '2015-06-23 18:14:38', '15', '2015-07-02 15:49:10', null, null, '0', '0'), ('23', '6', '3', '15', '2', '2015-06-23 18:14:38', '2', '2015-07-06 09:26:31', null, null, '0', '0'), ('24', '6', '9', '16', '2', '2015-06-23 18:14:38', null, null, null, null, '0', '0'), ('25', '6', '9', '17', '2', '2015-06-23 18:14:38', null, null, null, null, '0', '0'), ('26', '7', '2', '14', '2', '2015-06-23 22:40:42', null, null, null, null, '0', '0'), ('27', '7', '4', '4', '2', '2015-06-23 22:40:42', '15', '2015-07-02 15:49:10', null, null, '0', '0'), ('28', '7', '3', '15', '2', '2015-06-23 22:40:42', '2', '2015-07-06 09:26:31', null, null, '0', '0'), ('29', '7', '7', '11', '2', '2015-06-23 22:40:42', null, null, null, null, '0', '0'), ('30', '7', '9', '10', '2', '2015-06-23 22:40:42', null, null, null, null, '0', '0'), ('31', '8', '2', '13', '2', '2015-06-23 22:40:42', null, null, null, null, '0', '0'), ('32', '8', '1', '6', '2', '2015-06-23 22:40:42', null, null, null, null, '0', '0'), ('33', '8', '3', '15', '2', '2015-06-23 22:40:42', '2', '2015-07-06 09:26:31', null, null, '0', '0'), ('34', '8', '9', '16', '2', '2015-06-23 22:40:42', null, null, null, null, '0', '0'), ('35', '8', '9', '17', '2', '2015-06-23 22:40:42', null, null, null, null, '0', '0'), ('36', '9', '2', '13', '2', '2015-06-23 22:40:42', null, null, null, null, '0', '0'), ('37', '9', '4', '6', '2', '2015-06-23 22:40:42', '2', '2015-07-02 01:08:09', null, null, '0', '0'), ('38', '9', '3', '15', '2', '2015-06-23 22:40:42', '2', '2015-07-06 09:26:31', null, null, '0', '0'), ('39', '9', '9', '7', '2', '2015-06-23 22:40:42', null, null, null, null, '0', '0'), ('40', '9', '9', '7', '2', '2015-06-23 22:40:42', null, null, null, null, '0', '0'), ('41', '10', '2', '13', '2', '2015-06-23 22:40:42', null, null, null, null, '0', '0'), ('42', '10', '4', '6', '2', '2015-06-23 22:40:42', '15', '2015-07-02 15:49:10', null, null, '0', '0'), ('43', '10', '3', '15', '2', '2015-06-23 22:40:42', '2', '2015-07-06 09:26:31', null, null, '0', '0'), ('44', '10', '9', '16', '2', '2015-06-23 22:40:42', null, null, null, null, '0', '0'), ('45', '10', '9', '17', '2', '2015-06-23 22:40:42', null, null, null, null, '0', '0'), ('46', '11', '2', '14', '2', '2015-06-24 11:36:46', null, null, null, null, '0', '0'), ('47', '11', '4', '4', '2', '2015-06-24 11:36:46', null, null, null, null, '0', '0'), ('48', '11', '11', '11', '2', '2015-06-24 11:36:46', null, null, null, null, '0', '0'), ('49', '11', '9', '10', '2', '2015-06-24 11:36:46', null, null, null, null, '0', '0'), ('50', '11', '3', '15', '2', '2015-06-24 11:36:46', '2', '2015-07-06 09:26:31', null, null, '0', '0'), ('51', '12', '2', '13', '2', '2015-06-24 11:36:46', null, null, null, null, '0', '0'), ('52', '12', '1', '1', '2', '2015-06-24 11:36:46', '15', '2015-07-02 15:49:10', null, null, '0', '0'), ('53', '12', '9', '10', '2', '2015-06-24 11:36:46', null, null, null, null, '0', '0'), ('54', '12', '3', '15', '2', '2015-06-24 11:36:46', '2', '2015-07-06 09:26:31', null, null, '0', '0'), ('55', '13', '2', '13', '2', '2015-06-24 11:36:46', '16', '2015-07-02 15:19:33', null, null, '0', '0'), ('56', '13', '1', '1', '2', '2015-06-24 11:36:46', '15', '2015-07-02 15:49:10', null, null, '0', '0'), ('57', '13', '9', '16', '2', '2015-06-24 11:36:46', null, null, null, null, '0', '0'), ('58', '13', '9', '17', '2', '2015-06-24 11:36:46', null, null, null, null, '0', '0'), ('59', '14', '2', '13', '2', '2015-06-24 23:13:04', null, null, null, null, '0', '0'), ('60', '15', '2', '13', '2', '2015-06-24 23:15:06', '16', '2015-07-02 15:19:33', null, null, '0', '0'), ('61', '16', '2', '13', '2', '2015-06-24 23:15:06', null, null, null, null, '0', '0'), ('62', '17', '2', '13', '2', '2015-06-24 23:17:05', '16', '2015-07-02 15:19:33', null, null, '0', '0'), ('63', '17', '1', '1', '2', '2015-06-24 23:17:05', '15', '2015-07-02 15:49:10', null, null, '0', '0'), ('64', '18', '2', '13', '2', '2015-06-24 23:17:05', '16', '2015-07-02 15:19:33', null, null, '0', '0'), ('65', '18', '1', '1', '2', '2015-06-24 23:17:05', '15', '2015-07-02 15:49:10', null, null, '0', '0'), ('66', '19', '2', '13', '2', '2015-06-24 23:19:02', null, null, null, null, '0', '0'), ('67', '20', '2', '13', '2', '2015-06-24 23:19:02', '16', '2015-07-02 15:19:33', null, null, '0', '0'), ('68', '21', '2', '13', '2', '2015-06-26 01:50:38', null, null, null, null, '0', '0'), ('69', '21', '12', '2', '2', '2015-06-26 01:50:38', '15', '2015-07-02 15:49:10', null, null, '0', '0'), ('70', '21', '3', '8', '2', '2015-06-26 01:50:38', '2', '2015-07-06 09:26:31', null, null, '0', '0'), ('71', '22', '2', '14', '2', '2015-06-26 02:45:51', '16', '2015-07-02 15:19:33', null, null, '0', '0'), ('72', '22', '10', '6', '2', '2015-06-26 02:45:51', '15', '2015-07-02 15:49:10', null, null, '0', '0'), ('73', '22', '3', '8', '2', '2015-06-26 02:45:51', '2', '2015-07-06 09:26:31', null, null, '0', '0'), ('74', '23', '2', '13', '2', '2015-06-29 10:49:38', null, null, null, null, '0', '0'), ('75', '23', '4', '4', '2', '2015-06-29 10:49:38', '15', '2015-07-02 15:49:10', null, null, '0', '0'), ('76', '23', '7', '11', '2', '2015-06-29 10:49:38', null, null, null, null, '0', '0'), ('77', '23', '9', '10', '2', '2015-06-29 10:49:38', null, null, null, null, '0', '0'), ('78', '23', '3', '15', '2', '2015-06-29 10:49:38', '2', '2015-07-06 09:26:31', null, null, '0', '0'), ('79', '24', '2', '14', '2', '2015-06-29 10:49:38', '16', '2015-07-02 15:19:33', null, null, '0', '0'), ('80', '24', '1', '6', '2', '2015-06-29 10:49:38', null, null, null, null, '0', '0'), ('81', '24', '13', '10', '2', '2015-06-29 10:49:38', null, null, null, null, '0', '0'), ('82', '24', '3', '15', '2', '2015-06-29 10:49:38', '2', '2015-07-06 09:26:31', null, null, '0', '0'), ('83', '25', '2', '14', '2', '2015-06-29 10:49:38', null, null, null, null, '0', '0'), ('84', '25', '1', '6', '2', '2015-06-29 10:49:38', '2', '2015-07-02 01:08:09', null, null, '0', '0'), ('85', '25', '9', '16', '2', '2015-06-29 10:49:38', null, null, null, null, '0', '0'), ('86', '25', '13', '17', '2', '2015-06-29 10:49:38', null, null, null, null, '0', '0'), ('87', '25', '3', '15', '2', '2015-06-29 10:49:38', '2', '2015-07-06 09:26:31', null, null, '0', '0'), ('88', '26', '2', '13', '2', '2015-06-29 15:38:37', '16', '2015-07-02 15:19:33', null, null, '0', '0'), ('89', '26', '12', '2', '2', '2015-06-29 15:38:37', '15', '2015-07-02 15:49:10', null, null, '0', '0'), ('90', '26', '3', '8', '2', '2015-06-29 15:38:37', '2', '2015-07-06 09:26:31', null, null, '0', '0'), ('91', '27', '2', '13', '2', '2015-06-29 16:08:56', '16', '2015-07-02 15:19:33', null, null, '0', '0'), ('92', '27', '1', '2', '2', '2015-06-29 16:08:56', '15', '2015-07-02 15:49:10', null, null, '0', '0'), ('93', '27', '9', '18', '2', '2015-06-29 16:08:56', null, null, null, null, '0', '0'), ('94', '27', '9', '19', '2', '2015-06-29 16:08:56', null, null, null, null, '0', '0'), ('95', '29', '12', '1', '2', '2015-07-02 00:27:50', '15', '2015-07-02 15:49:10', null, null, '0', '0'), ('96', '29', '11', '11', '2', '2015-07-02 00:27:50', null, null, null, null, '0', '0'), ('97', '30', '12', '1', '2', '2015-07-02 00:27:50', '15', '2015-07-02 15:49:10', null, null, '0', '0'), ('98', '30', '11', '11', '2', '2015-07-02 00:27:50', null, null, null, null, '0', '0'), ('99', '31', '2', '13', '16', '2015-07-02 15:05:42', '16', '2015-07-02 15:19:33', null, null, '0', '0'), ('100', '31', '12', '6', '16', '2015-07-02 15:05:42', '15', '2015-07-02 15:49:10', null, null, '0', '0'), ('101', '31', '3', '20', '16', '2015-07-02 15:05:42', '2', '2015-07-06 09:26:31', null, null, '0', '0'), ('102', '32', '2', '13', '2', '2015-07-03 02:14:40', null, null, null, null, '0', '0'), ('103', '32', '1', '4', '2', '2015-07-03 02:14:40', null, null, null, null, '0', '0'), ('104', '32', '7', '12', '2', '2015-07-03 02:14:40', null, null, null, null, '0', '0'), ('105', '32', '3', '15', '2', '2015-07-03 02:14:40', '2', '2015-07-06 09:26:31', null, null, '0', '0'), ('106', '33', '2', '14', '2', '2015-07-03 02:14:40', null, null, null, null, '0', '0'), ('107', '33', '10', '6', '2', '2015-07-03 02:14:40', null, null, null, null, '0', '0'), ('108', '33', '9', '16', '2', '2015-07-03 02:14:40', null, null, null, null, '0', '0'), ('109', '33', '13', '17', '2', '2015-07-03 02:14:40', null, null, null, null, '0', '0'), ('110', '34', '2', '14', '2', '2015-07-03 02:14:40', null, null, null, null, '0', '0'), ('111', '34', '10', '6', '2', '2015-07-03 02:14:40', null, null, null, null, '0', '0'), ('112', '34', '9', '16', '2', '2015-07-03 02:14:40', null, null, null, null, '0', '0'), ('113', '34', '13', '17', '2', '2015-07-03 02:14:40', null, null, null, null, '0', '0'), ('114', '35', '2', '14', '2', '2015-07-03 02:14:40', null, null, null, null, '0', '0'), ('115', '35', '10', '6', '2', '2015-07-03 02:14:40', null, null, null, null, '0', '0'), ('116', '35', '9', '16', '2', '2015-07-03 02:14:40', null, null, null, null, '0', '0'), ('117', '35', '13', '17', '2', '2015-07-03 02:14:40', null, null, null, null, '0', '0'), ('118', '36', '2', '14', '2', '2015-07-03 02:14:40', null, null, null, null, '0', '0'), ('119', '36', '10', '6', '2', '2015-07-03 02:14:40', null, null, null, null, '0', '0'), ('120', '36', '9', '16', '2', '2015-07-03 02:14:40', null, null, null, null, '0', '0'), ('121', '36', '13', '17', '2', '2015-07-03 02:14:40', null, null, null, null, '0', '0'), ('122', '37', '2', '14', '2', '2015-07-03 02:14:40', null, null, null, null, '0', '0'), ('123', '37', '10', '6', '2', '2015-07-03 02:14:40', null, null, null, null, '0', '0'), ('124', '37', '9', '16', '2', '2015-07-03 02:14:40', null, null, null, null, '0', '0'), ('125', '37', '13', '17', '2', '2015-07-03 02:14:40', null, null, null, null, '0', '0'), ('126', '38', '2', '14', '2', '2015-07-03 02:14:40', null, null, null, null, '0', '0'), ('127', '38', '10', '6', '2', '2015-07-03 02:14:40', null, null, null, null, '0', '0'), ('128', '38', '9', '16', '2', '2015-07-03 02:14:40', null, null, null, null, '0', '0'), ('129', '38', '13', '17', '2', '2015-07-03 02:14:40', null, null, null, null, '0', '0'), ('130', '39', '2', '14', '2', '2015-07-03 02:14:40', null, null, null, null, '0', '0'), ('131', '39', '10', '6', '2', '2015-07-03 02:14:40', null, null, null, null, '0', '0'), ('132', '39', '9', '16', '2', '2015-07-03 02:14:40', null, null, null, null, '0', '0'), ('133', '39', '13', '17', '2', '2015-07-03 02:14:40', null, null, null, null, '0', '0'), ('134', '40', '2', '14', '2', '2015-07-03 02:14:40', null, null, null, null, '0', '0'), ('135', '40', '10', '6', '2', '2015-07-03 02:14:40', null, null, null, null, '0', '0'), ('136', '40', '9', '16', '2', '2015-07-03 02:14:40', null, null, null, null, '0', '0'), ('137', '40', '13', '17', '2', '2015-07-03 02:14:40', null, null, null, null, '0', '0'), ('138', '41', '2', '14', '2', '2015-07-03 02:14:40', null, null, null, null, '0', '0'), ('139', '41', '10', '6', '2', '2015-07-03 02:14:40', null, null, null, null, '0', '0'), ('140', '41', '9', '16', '2', '2015-07-03 02:14:40', null, null, null, null, '0', '0'), ('141', '41', '13', '17', '2', '2015-07-03 02:14:40', null, null, null, null, '0', '0'), ('142', '42', '2', '14', '2', '2015-07-03 02:14:40', null, null, null, null, '0', '0'), ('143', '42', '10', '6', '2', '2015-07-03 02:14:40', null, null, null, null, '0', '0'), ('144', '42', '9', '16', '2', '2015-07-03 02:14:40', null, null, null, null, '0', '0'), ('145', '42', '13', '17', '2', '2015-07-03 02:14:40', null, null, null, null, '0', '0'), ('146', '43', '2', '13', '2', '2015-07-05 21:32:12', null, null, null, null, '0', '0'), ('147', '44', '2', '13', '2', '2015-07-05 21:36:35', null, null, null, null, '0', '0'), ('148', '45', '2', '13', '2', '2015-07-05 21:39:00', null, null, null, null, '0', '0'), ('149', '46', '2', '13', '2', '2015-07-05 21:41:15', null, null, null, null, '0', '0'), ('150', '47', '2', '13', '2', '2015-07-06 09:24:06', '2', '2015-07-06 11:12:03', null, null, '0', '0'), ('151', '47', '12', '1', '2', '2015-07-06 09:24:06', null, null, null, null, '0', '0'), ('152', '47', '7', '11', '2', '2015-07-06 09:24:06', null, null, null, null, '0', '0'), ('153', '47', '9', '10', '2', '2015-07-06 09:24:06', null, null, null, null, '0', '0'), ('154', '47', '3', '15', '2', '2015-07-06 09:24:06', '2', '2015-07-06 09:26:31', null, null, '0', '0'), ('155', '48', '2', '14', '2', '2015-07-06 09:24:06', '2', '2015-07-06 11:12:03', null, null, '0', '0'), ('156', '48', '10', '6', '2', '2015-07-06 09:24:06', null, null, null, null, '0', '0'), ('157', '48', '9', '16', '2', '2015-07-06 09:24:06', null, null, null, null, '0', '0'), ('158', '48', '13', '17', '2', '2015-07-06 09:24:06', null, null, null, null, '0', '0'), ('159', '48', '3', '15', '2', '2015-07-06 09:24:06', '2', '2015-07-06 09:26:31', null, null, '0', '0'), ('160', '49', '2', '14', '2', '2015-07-06 09:24:06', '2', '2015-07-06 11:12:03', null, null, '0', '0'), ('161', '49', '10', '6', '2', '2015-07-06 09:24:06', null, null, null, null, '0', '0'), ('162', '49', '9', '16', '2', '2015-07-06 09:24:06', null, null, null, null, '0', '0'), ('163', '49', '13', '17', '2', '2015-07-06 09:24:06', null, null, null, null, '0', '0'), ('164', '49', '3', '15', '2', '2015-07-06 09:24:06', '2', '2015-07-06 09:26:31', null, null, '0', '0'), ('165', '50', '2', '14', '2', '2015-07-06 09:24:06', '2', '2015-07-06 11:12:03', null, null, '0', '0'), ('166', '50', '10', '6', '2', '2015-07-06 09:24:06', null, null, null, null, '0', '0'), ('167', '50', '9', '16', '2', '2015-07-06 09:24:06', null, null, null, null, '0', '0'), ('168', '50', '13', '17', '2', '2015-07-06 09:24:06', null, null, null, null, '0', '0'), ('169', '50', '3', '15', '2', '2015-07-06 09:24:06', '2', '2015-07-06 09:26:31', null, null, '0', '0'), ('170', '51', '2', '14', '2', '2015-07-06 09:24:06', '2', '2015-07-06 11:12:03', null, null, '0', '0'), ('171', '51', '10', '6', '2', '2015-07-06 09:24:06', null, null, null, null, '0', '0'), ('172', '51', '9', '16', '2', '2015-07-06 09:24:06', null, null, null, null, '0', '0'), ('173', '51', '13', '17', '2', '2015-07-06 09:24:06', null, null, null, null, '0', '0'), ('174', '51', '3', '15', '2', '2015-07-06 09:24:06', '2', '2015-07-06 09:26:31', null, null, '0', '0'), ('175', '52', '2', '14', '2', '2015-07-06 09:24:06', '2', '2015-07-06 11:12:03', null, null, '0', '0'), ('176', '52', '10', '6', '2', '2015-07-06 09:24:06', null, null, null, null, '0', '0'), ('177', '52', '9', '16', '2', '2015-07-06 09:24:06', null, null, null, null, '0', '0'), ('178', '52', '13', '17', '2', '2015-07-06 09:24:06', null, null, null, null, '0', '0'), ('179', '52', '3', '15', '2', '2015-07-06 09:24:06', '2', '2015-07-06 09:26:31', null, null, '0', '0'), ('180', '53', '2', '14', '2', '2015-07-06 09:24:06', '2', '2015-07-06 11:12:03', null, null, '0', '0'), ('181', '53', '10', '6', '2', '2015-07-06 09:24:06', null, null, null, null, '0', '0'), ('182', '53', '9', '16', '2', '2015-07-06 09:24:06', null, null, null, null, '0', '0'), ('183', '53', '13', '17', '2', '2015-07-06 09:24:06', null, null, null, null, '0', '0'), ('184', '53', '3', '15', '2', '2015-07-06 09:24:06', '2', '2015-07-06 09:26:31', null, null, '0', '0'), ('185', '54', '2', '14', '2', '2015-07-06 09:24:06', '2', '2015-07-06 11:12:03', null, null, '0', '0'), ('186', '54', '10', '6', '2', '2015-07-06 09:24:06', null, null, null, null, '0', '0'), ('187', '54', '9', '16', '2', '2015-07-06 09:24:06', null, null, null, null, '0', '0'), ('188', '54', '13', '17', '2', '2015-07-06 09:24:06', null, null, null, null, '0', '0'), ('189', '54', '3', '15', '2', '2015-07-06 09:24:06', '2', '2015-07-06 09:26:31', null, null, '0', '0'), ('190', '55', '2', '14', '2', '2015-07-06 09:24:06', '2', '2015-07-06 11:12:03', null, null, '0', '0'), ('191', '55', '10', '6', '2', '2015-07-06 09:24:06', null, null, null, null, '0', '0'), ('192', '55', '9', '16', '2', '2015-07-06 09:24:06', null, null, null, null, '0', '0'), ('193', '55', '13', '17', '2', '2015-07-06 09:24:06', null, null, null, null, '0', '0'), ('194', '55', '3', '15', '2', '2015-07-06 09:24:06', '2', '2015-07-06 09:26:31', null, null, '0', '0'), ('195', '56', '2', '14', '2', '2015-07-06 09:24:06', '2', '2015-07-06 11:12:03', null, null, '0', '0'), ('196', '56', '10', '6', '2', '2015-07-06 09:24:06', null, null, null, null, '0', '0'), ('197', '56', '9', '16', '2', '2015-07-06 09:24:06', null, null, null, null, '0', '0'), ('198', '56', '13', '17', '2', '2015-07-06 09:24:06', null, null, null, null, '0', '0'), ('199', '56', '3', '15', '2', '2015-07-06 09:24:06', '2', '2015-07-06 09:26:31', null, null, '0', '0'), ('200', '57', '2', '14', '2', '2015-07-06 09:24:06', '2', '2015-07-06 11:12:03', null, null, '0', '0'), ('201', '57', '10', '6', '2', '2015-07-06 09:24:06', null, null, null, null, '0', '0'), ('202', '57', '9', '16', '2', '2015-07-06 09:24:06', null, null, null, null, '0', '0'), ('203', '57', '13', '17', '2', '2015-07-06 09:24:06', null, null, null, null, '0', '0'), ('204', '57', '3', '15', '2', '2015-07-06 09:24:06', '2', '2015-07-06 09:26:31', null, null, '0', '0'), ('205', '58', '2', '13', '2', '2015-07-06 09:25:31', '2', '2015-07-06 11:12:03', null, null, '0', '0'), ('206', '58', '1', '1', '2', '2015-07-06 09:25:31', null, null, null, null, '0', '0'), ('207', '58', '7', '11', '2', '2015-07-06 09:25:31', null, null, null, null, '0', '0'), ('208', '58', '3', '8', '2', '2015-07-06 09:25:31', '2', '2015-07-06 09:26:31', null, null, '0', '0'), ('209', '59', '2', '13', '2', '2015-07-06 09:25:31', '2', '2015-07-06 11:12:03', null, null, '0', '0'), ('210', '59', '1', '1', '2', '2015-07-06 09:25:31', null, null, null, null, '0', '0'), ('211', '59', '7', '11', '2', '2015-07-06 09:25:31', null, null, null, null, '0', '0'), ('212', '59', '3', '8', '2', '2015-07-06 09:25:31', '2', '2015-07-06 09:26:31', null, null, '0', '0'), ('213', '60', '2', '13', '2', '2015-07-06 09:25:31', '2', '2015-07-06 11:12:03', null, null, '0', '0'), ('214', '60', '1', '1', '2', '2015-07-06 09:25:31', null, null, null, null, '0', '0'), ('215', '60', '7', '11', '2', '2015-07-06 09:25:31', null, null, null, null, '0', '0'), ('216', '60', '3', '8', '2', '2015-07-06 09:25:31', '2', '2015-07-06 09:26:31', null, null, '0', '0'), ('217', '61', '2', '13', '2', '2015-07-06 09:25:31', '2', '2015-07-06 11:12:03', null, null, '0', '0'), ('218', '61', '1', '1', '2', '2015-07-06 09:25:31', null, null, null, null, '0', '0'), ('219', '61', '7', '11', '2', '2015-07-06 09:25:31', null, null, null, null, '0', '0'), ('220', '61', '3', '8', '2', '2015-07-06 09:25:31', '2', '2015-07-06 09:26:31', null, null, '0', '0'), ('221', '62', '2', '13', '2', '2015-07-06 09:25:31', '2', '2015-07-06 11:12:03', null, null, '0', '0'), ('222', '62', '1', '1', '2', '2015-07-06 09:25:31', null, null, null, null, '0', '0'), ('223', '62', '7', '11', '2', '2015-07-06 09:25:31', null, null, null, null, '0', '0'), ('224', '62', '3', '8', '2', '2015-07-06 09:25:31', '2', '2015-07-06 09:26:31', null, null, '0', '0'), ('225', '63', '2', '13', '2', '2015-07-06 17:55:26', null, null, null, null, '0', '0'), ('226', '63', '12', '1', '2', '2015-07-06 17:55:26', null, null, null, null, '0', '0'), ('227', '64', '2', '13', '2', '2015-07-07 09:54:59', null, null, null, null, '0', '0'), ('230', '65', '2', '14', '2', '2015-07-08 00:27:57', null, null, null, null, '0', '0'), ('231', '67', '2', '14', '2', '2015-07-08 00:29:38', null, null, null, null, '0', '0'), ('232', '68', '2', '14', '2', '2015-07-08 00:32:18', null, null, null, null, '0', '0'), ('233', '68', '1', '1', '2', '2015-07-08 00:32:18', null, null, null, null, '0', '0'), ('234', '68', '3', '8', '2', '2015-07-08 00:32:18', null, null, null, null, '0', '0'), ('235', '69', '2', '14', '2', '2015-07-08 00:35:15', null, null, null, null, '0', '0'), ('236', '69', '1', '1', '2', '2015-07-08 00:35:15', null, null, null, null, '0', '0'), ('237', '69', '3', '8', '2', '2015-07-08 00:35:15', null, null, null, null, '0', '0'), ('238', '70', '2', '14', '2', '2015-07-08 00:36:18', null, null, null, null, '0', '0'), ('239', '71', '2', '14', '2', '2015-07-08 00:37:52', null, null, null, null, '0', '0'), ('240', '71', '4', '1', '2', '2015-07-08 00:37:52', null, null, null, null, '0', '0'), ('241', '71', '7', '21', '2', '2015-07-08 00:37:52', null, null, null, null, '0', '0'), ('242', '72', '2', '14', '2', '2015-07-08 00:40:02', null, null, null, null, '0', '0'), ('243', '73', '2', '13', '2', '2015-07-08 00:41:42', null, null, null, null, '0', '0'), ('244', '73', '4', '2', '2', '2015-07-08 00:41:42', null, null, null, null, '0', '0'), ('245', '73', '7', '21', '2', '2015-07-08 00:41:42', null, null, null, null, '0', '0'), ('246', '74', '2', '14', '2', '2015-07-08 00:41:42', null, null, null, null, '0', '0'), ('247', '74', '1', '1', '2', '2015-07-08 00:41:42', null, null, null, null, '0', '0'), ('248', '74', '3', '8', '2', '2015-07-08 00:41:42', null, null, null, null, '0', '0'), ('249', '75', '2', '14', '2', '2015-07-08 00:48:16', null, null, null, null, '0', '0'), ('250', '76', '2', '14', '2', '2015-07-08 00:49:31', null, null, null, null, '0', '0'), ('251', '76', '1', '1', '2', '2015-07-08 00:49:31', null, null, null, null, '0', '0'), ('252', '76', '7', '12', '2', '2015-07-08 00:49:31', null, null, null, null, '0', '0'), ('253', '77', '2', '13', '2', '2015-07-08 00:49:31', null, null, null, null, '0', '0'), ('254', '77', '4', '2', '2', '2015-07-08 00:49:31', null, null, null, null, '0', '0'), ('255', '77', '3', '20', '2', '2015-07-08 00:49:31', null, null, null, null, '0', '0'), ('256', '78', '2', '14', '2', '2015-07-08 00:53:15', null, null, null, null, '0', '0'), ('257', '79', '2', '14', '2', '2015-07-08 00:53:46', null, null, null, null, '0', '0'), ('258', '79', '1', '2', '2', '2015-07-08 00:53:46', null, null, null, null, '0', '0'), ('259', '79', '3', '8', '2', '2015-07-08 00:53:46', null, null, null, null, '0', '0'), ('260', '80', '1', '2', '2', '2015-07-08 01:12:45', null, null, null, null, '0', '0'), ('261', '80', '2', '14', '2', '2015-07-08 01:12:45', null, null, null, null, '0', '0'), ('262', '80', '3', '8', '2', '2015-07-08 01:12:45', null, null, null, null, '0', '0'), ('263', '81', '2', '13', '2', '2015-07-08 01:13:24', null, null, null, null, '0', '0'), ('264', '81', '3', '20', '2', '2015-07-08 01:13:24', null, null, null, null, '0', '0'), ('265', '81', '4', '2', '2', '2015-07-08 01:13:24', null, null, null, null, '0', '0'), ('266', '82', '1', '1', '2', '2015-07-08 01:13:24', null, null, null, null, '0', '0'), ('267', '82', '2', '14', '2', '2015-07-08 01:13:24', null, null, null, null, '0', '0'), ('268', '82', '7', '12', '2', '2015-07-08 01:13:24', null, null, null, null, '0', '0'), ('269', '83', '2', '13', '2', '2015-07-08 01:13:44', null, null, null, null, '0', '0'), ('270', '83', '12', '1', '2', '2015-07-08 01:13:44', null, null, null, null, '0', '0'), ('271', '84', '1', '1', '2', '2015-07-08 01:14:23', null, null, null, null, '0', '0'), ('272', '84', '2', '13', '2', '2015-07-08 01:14:23', null, null, null, null, '0', '0'), ('273', '84', '3', '8', '2', '2015-07-08 01:14:23', null, null, null, null, '0', '0'), ('274', '84', '7', '11', '2', '2015-07-08 01:14:23', null, null, null, null, '0', '0'), ('275', '85', '1', '1', '2', '2015-07-08 01:14:23', null, null, null, null, '0', '0'), ('276', '85', '2', '13', '2', '2015-07-08 01:14:23', null, null, null, null, '0', '0'), ('277', '85', '3', '8', '2', '2015-07-08 01:14:23', null, null, null, null, '0', '0'), ('278', '85', '7', '11', '2', '2015-07-08 01:14:23', null, null, null, null, '0', '0'), ('279', '86', '1', '1', '2', '2015-07-08 01:14:23', null, null, null, null, '0', '0'), ('280', '86', '2', '13', '2', '2015-07-08 01:14:23', null, null, null, null, '0', '0'), ('281', '86', '3', '8', '2', '2015-07-08 01:14:23', null, null, null, null, '0', '0'), ('282', '86', '7', '11', '2', '2015-07-08 01:14:23', null, null, null, null, '0', '0'), ('283', '87', '1', '1', '2', '2015-07-08 01:14:23', null, null, null, null, '0', '0'), ('284', '87', '2', '13', '2', '2015-07-08 01:14:23', null, null, null, null, '0', '0'), ('285', '87', '3', '8', '2', '2015-07-08 01:14:23', null, null, null, null, '0', '0'), ('286', '87', '7', '11', '2', '2015-07-08 01:14:23', null, null, null, null, '0', '0'), ('287', '88', '1', '1', '2', '2015-07-08 01:14:23', null, null, null, null, '0', '0'), ('288', '88', '2', '13', '2', '2015-07-08 01:14:23', null, null, null, null, '0', '0'), ('289', '88', '3', '8', '2', '2015-07-08 01:14:23', null, null, null, null, '0', '0'), ('290', '88', '7', '11', '2', '2015-07-08 01:14:23', null, null, null, null, '0', '0'), ('291', '89', '2', '14', '2', '2015-07-08 01:15:51', null, null, null, null, '0', '0'), ('292', '89', '10', '6', '2', '2015-07-08 01:15:51', null, null, null, null, '0', '0'), ('293', '89', '9', '16', '2', '2015-07-08 01:15:51', null, null, null, null, '0', '0'), ('294', '89', '13', '17', '2', '2015-07-08 01:15:51', null, null, null, null, '0', '0'), ('295', '89', '3', '15', '2', '2015-07-08 01:15:51', null, null, null, null, '0', '0'), ('296', '90', '2', '14', '2', '2015-07-08 01:15:51', null, null, null, null, '0', '0'), ('297', '90', '10', '6', '2', '2015-07-08 01:15:51', null, null, null, null, '0', '0'), ('298', '90', '9', '16', '2', '2015-07-08 01:15:51', null, null, null, null, '0', '0'), ('299', '90', '13', '17', '2', '2015-07-08 01:15:51', null, null, null, null, '0', '0'), ('300', '90', '3', '15', '2', '2015-07-08 01:15:51', null, null, null, null, '0', '0'), ('301', '91', '2', '14', '2', '2015-07-08 01:15:51', null, null, null, null, '0', '0'), ('302', '91', '10', '6', '2', '2015-07-08 01:15:51', null, null, null, null, '0', '0'), ('303', '91', '9', '16', '2', '2015-07-08 01:15:51', null, null, null, null, '0', '0'), ('304', '91', '13', '17', '2', '2015-07-08 01:15:51', null, null, null, null, '0', '0'), ('305', '91', '3', '15', '2', '2015-07-08 01:15:51', null, null, null, null, '0', '0'), ('306', '92', '2', '14', '2', '2015-07-08 01:15:51', null, null, null, null, '0', '0'), ('307', '92', '10', '6', '2', '2015-07-08 01:15:51', null, null, null, null, '0', '0'), ('308', '92', '9', '16', '2', '2015-07-08 01:15:51', null, null, null, null, '0', '0'), ('309', '92', '13', '17', '2', '2015-07-08 01:15:51', null, null, null, null, '0', '0'), ('310', '92', '3', '15', '2', '2015-07-08 01:15:51', null, null, null, null, '0', '0'), ('311', '93', '2', '14', '2', '2015-07-08 01:15:51', null, null, null, null, '0', '0'), ('312', '93', '10', '6', '2', '2015-07-08 01:15:51', null, null, null, null, '0', '0'), ('313', '93', '9', '16', '2', '2015-07-08 01:15:51', null, null, null, null, '0', '0'), ('314', '93', '13', '17', '2', '2015-07-08 01:15:51', null, null, null, null, '0', '0'), ('315', '93', '3', '15', '2', '2015-07-08 01:15:51', null, null, null, null, '0', '0'), ('316', '94', '2', '14', '2', '2015-07-08 01:15:51', null, null, null, null, '0', '0'), ('317', '94', '10', '6', '2', '2015-07-08 01:15:51', null, null, null, null, '0', '0'), ('318', '94', '9', '16', '2', '2015-07-08 01:15:51', null, null, null, null, '0', '0'), ('319', '94', '13', '17', '2', '2015-07-08 01:15:51', null, null, null, null, '0', '0'), ('320', '94', '3', '15', '2', '2015-07-08 01:15:51', null, null, null, null, '0', '0'), ('321', '95', '2', '14', '2', '2015-07-08 01:15:51', null, null, null, null, '0', '0'), ('322', '95', '10', '6', '2', '2015-07-08 01:15:51', null, null, null, null, '0', '0'), ('323', '95', '9', '16', '2', '2015-07-08 01:15:51', null, null, null, null, '0', '0'), ('324', '95', '13', '17', '2', '2015-07-08 01:15:51', null, null, null, null, '0', '0'), ('325', '95', '3', '15', '2', '2015-07-08 01:15:51', null, null, null, null, '0', '0'), ('326', '96', '2', '14', '2', '2015-07-08 01:15:51', null, null, null, null, '0', '0'), ('327', '96', '10', '6', '2', '2015-07-08 01:15:51', null, null, null, null, '0', '0'), ('328', '96', '9', '16', '2', '2015-07-08 01:15:51', null, null, null, null, '0', '0'), ('329', '96', '13', '17', '2', '2015-07-08 01:15:51', null, null, null, null, '0', '0'), ('330', '96', '3', '15', '2', '2015-07-08 01:15:51', null, null, null, null, '0', '0'), ('331', '97', '2', '14', '2', '2015-07-08 01:15:51', null, null, null, null, '0', '0'), ('332', '97', '10', '6', '2', '2015-07-08 01:15:51', null, null, null, null, '0', '0'), ('333', '97', '9', '16', '2', '2015-07-08 01:15:51', null, null, null, null, '0', '0'), ('334', '97', '13', '17', '2', '2015-07-08 01:15:51', null, null, null, null, '0', '0'), ('335', '97', '3', '15', '2', '2015-07-08 01:15:51', null, null, null, null, '0', '0'), ('336', '98', '2', '14', '2', '2015-07-08 01:15:51', null, null, null, null, '0', '0'), ('337', '98', '10', '6', '2', '2015-07-08 01:15:51', null, null, null, null, '0', '0'), ('338', '98', '9', '16', '2', '2015-07-08 01:15:51', null, null, null, null, '0', '0'), ('339', '98', '13', '17', '2', '2015-07-08 01:15:51', null, null, null, null, '0', '0'), ('340', '98', '3', '15', '2', '2015-07-08 01:15:51', null, null, null, null, '0', '0'), ('341', '99', '2', '14', '2', '2015-07-08 01:15:51', null, null, null, null, '0', '0'), ('342', '99', '10', '6', '2', '2015-07-08 01:15:51', null, null, null, null, '0', '0'), ('343', '99', '9', '16', '2', '2015-07-08 01:15:51', null, null, null, null, '0', '0'), ('344', '99', '13', '17', '2', '2015-07-08 01:15:51', null, null, null, null, '0', '0'), ('345', '99', '3', '15', '2', '2015-07-08 01:15:51', null, null, null, null, '0', '0'), ('346', '100', '2', '13', '2', '2015-07-08 01:16:26', null, null, null, null, '0', '0'), ('347', '100', '12', '3', '2', '2015-07-08 01:16:26', null, null, null, null, '0', '0'), ('348', '100', '9', '10', '2', '2015-07-08 01:16:26', null, null, null, null, '0', '0'), ('349', '101', '2', '13', '2', '2015-07-11 22:16:18', null, null, null, null, '0', '0'), ('350', '101', '4', '2', '2', '2015-07-11 22:16:18', null, null, null, null, '0', '0'), ('351', '101', '7', '11', '2', '2015-07-11 22:16:18', null, null, null, null, '0', '0'), ('352', '101', '3', '15', '2', '2015-07-11 22:16:18', null, null, null, null, '0', '0'), ('353', '102', '2', '14', '2', '2015-07-11 22:16:18', null, null, null, null, '0', '0'), ('354', '102', '10', '6', '2', '2015-07-11 22:16:18', null, null, null, null, '0', '0'), ('355', '102', '13', '22', '2', '2015-07-11 22:16:18', null, null, null, null, '0', '0'), ('356', '102', '3', '15', '2', '2015-07-11 22:16:18', null, null, null, null, '0', '0'), ('357', '103', '2', '14', '2', '2015-07-11 22:16:18', null, null, null, null, '0', '0'), ('358', '103', '10', '6', '2', '2015-07-11 22:16:18', null, null, null, null, '0', '0'), ('359', '103', '13', '22', '2', '2015-07-11 22:16:18', null, null, null, null, '0', '0'), ('360', '103', '3', '15', '2', '2015-07-11 22:16:18', null, null, null, null, '0', '0'), ('361', '104', '2', '14', '2', '2015-07-11 23:21:42', null, null, null, null, '0', '0'), ('362', '104', '12', '1', '2', '2015-07-11 23:21:42', null, null, null, null, '0', '0'), ('363', '104', '11', '21', '2', '2015-07-11 23:21:42', null, null, null, null, '0', '0'), ('364', '104', '3', '20', '2', '2015-07-11 23:21:42', null, null, null, null, '0', '0'), ('365', '105', '2', '13', '2', '2015-07-11 23:21:42', null, null, null, null, '0', '0'), ('366', '105', '4', '4', '2', '2015-07-11 23:21:42', null, null, null, null, '0', '0'), ('367', '105', '3', '20', '2', '2015-07-11 23:21:42', null, null, null, null, '0', '0'), ('368', '106', '2', '13', '2', '2015-07-11 23:21:42', null, null, null, null, '0', '0'), ('369', '106', '4', '4', '2', '2015-07-11 23:21:42', null, null, null, null, '0', '0'), ('370', '106', '3', '20', '2', '2015-07-11 23:21:42', null, null, null, null, '0', '0'), ('371', '107', '2', '13', '2', '2015-07-11 23:36:08', null, null, null, null, '0', '0'), ('372', '107', '12', '1', '2', '2015-07-11 23:36:08', null, null, null, null, '0', '0'), ('373', '107', '9', '10', '2', '2015-07-11 23:36:08', null, null, null, null, '0', '0'), ('374', '107', '3', '8', '2', '2015-07-11 23:36:08', null, null, null, null, '0', '0'), ('375', '111', '2', '13', '2', '2015-07-16 02:33:19', null, null, null, null, '0', '0'), ('376', '111', '4', '2', '2', '2015-07-16 02:33:19', null, null, null, null, '0', '0'), ('377', '111', '3', '20', '2', '2015-07-16 02:33:19', null, null, null, null, '0', '0'), ('378', '112', '2', '13', '2', '2015-07-16 02:35:15', null, null, null, null, '0', '0'), ('379', '112', '4', '2', '2', '2015-07-16 02:35:15', null, null, null, null, '0', '0'), ('380', '112', '3', '20', '2', '2015-07-16 02:35:15', null, null, null, null, '0', '0'), ('381', '137', '2', '14', '2', '2015-07-21 11:51:59', null, null, null, null, '0', '0'), ('382', '137', '12', '2', '2', '2015-07-21 11:51:59', null, null, null, null, '0', '0'), ('383', '137', '9', '22', '2', '2015-07-21 11:51:59', null, null, null, null, '0', '0'), ('384', '137', '3', '15', '2', '2015-07-21 11:51:59', null, null, null, null, '0', '0'), ('385', '137', '14', '23', '2', '2015-07-21 11:51:59', null, null, null, null, '0', '0'), ('386', '198', '2', '13', '2', '2015-07-28 10:34:25', null, null, null, null, '0', '0'), ('387', '198', '1', '1', '2', '2015-07-28 10:34:25', null, null, null, null, '0', '0'), ('388', '199', '2', '13', '2', '2015-07-28 10:48:44', null, null, null, null, '0', '0'), ('389', '199', '1', '1', '2', '2015-07-28 10:48:44', null, null, null, null, '0', '0');
COMMIT;

-- ----------------------------
--  Table structure for `TBL_DOSSIER_DE_FAB_TL_ELEMENT_TL_OPTION`
-- ----------------------------
DROP TABLE IF EXISTS `TBL_DOSSIER_DE_FAB_TL_ELEMENT_TL_OPTION`;
CREATE TABLE `TBL_DOSSIER_DE_FAB_TL_ELEMENT_TL_OPTION` (
  `IDDossierDeFab_tl_element_tl_option` int(11) NOT NULL AUTO_INCREMENT,
  `IDDossierDeFab_tl_element` int(11) DEFAULT NULL,
  `IDOption` int(11) DEFAULT NULL,
  `IDMembreAdd` int(11) DEFAULT NULL,
  `DateAdd` datetime DEFAULT NULL,
  `IDMembreMaj` int(11) DEFAULT NULL,
  `DateMaj` datetime DEFAULT NULL,
  `IDMembreSupp` int(11) DEFAULT NULL,
  `DateSupp` datetime DEFAULT NULL,
  `EstSupp` int(1) NOT NULL DEFAULT '0',
  `EstProtected` int(1) NOT NULL DEFAULT '0',
  PRIMARY KEY (`IDDossierDeFab_tl_element_tl_option`)
) ENGINE=InnoDB AUTO_INCREMENT=73 DEFAULT CHARSET=latin1 ROW_FORMAT=COMPACT;

-- ----------------------------
--  Records of `TBL_DOSSIER_DE_FAB_TL_ELEMENT_TL_OPTION`
-- ----------------------------
BEGIN;
INSERT INTO `TBL_DOSSIER_DE_FAB_TL_ELEMENT_TL_OPTION` VALUES ('1', '1', '4', '2', '2015-06-22 23:18:26', '2', '2015-06-29 16:05:21', null, null, '0', '0'), ('2', '1', '8', '2', '2015-06-22 23:18:26', '2', '2015-06-29 16:05:21', null, null, '0', '0'), ('3', '3', '7', '2', '2015-06-22 23:20:10', '2', '2015-07-02 00:25:33', null, null, '0', '0'), ('4', '5', '4', '2', '2015-06-23 18:14:38', '2', '2015-07-02 10:03:07', null, null, '0', '0'), ('5', '5', '8', '2', '2015-06-23 18:14:38', '2', '2015-07-02 10:03:07', null, null, '0', '0'), ('6', '7', '4', '2', '2015-06-23 22:40:42', '15', '2015-07-01 10:02:26', null, null, '0', '0'), ('7', '11', '4', '2', '2015-06-24 11:36:46', '2', '2015-06-26 02:06:02', null, null, '0', '0'), ('8', '21', '2', '2', '2015-06-26 01:50:38', '15', '2015-07-01 11:17:23', null, null, '0', '0'), ('9', '21', '8', '2', '2015-06-26 01:50:38', '15', '2015-07-01 11:17:23', null, null, '0', '0'), ('10', '23', '4', '2', '2015-06-29 10:49:38', null, null, null, null, '0', '0'), ('11', '23', '8', '2', '2015-06-29 10:49:38', null, null, null, null, '0', '0'), ('12', '29', '7', '2', '2015-07-02 00:27:50', null, null, null, null, '0', '0'), ('13', '30', '7', '2', '2015-07-02 00:27:50', null, null, null, null, '0', '0'), ('14', '31', '2', '16', '2015-07-02 15:05:42', '2', '2015-07-02 22:42:33', null, null, '0', '0'), ('15', '31', '3', '16', '2015-07-02 15:05:42', '2', '2015-07-02 22:42:33', null, null, '0', '0'), ('16', '32', '4', '2', '2015-07-03 02:14:40', null, null, null, null, '0', '0'), ('17', '43', '7', '2', '2015-07-05 21:32:12', '2', '2015-07-05 21:35:56', null, null, '0', '0'), ('18', '44', '4', '2', '2015-07-05 21:36:35', null, null, null, null, '0', '0'), ('19', '45', '10', '2', '2015-07-05 21:39:00', null, null, null, null, '0', '0'), ('20', '46', '4', '2', '2015-07-05 21:41:15', null, null, null, null, '0', '0'), ('21', '63', '3', '2', '2015-07-06 17:55:26', null, null, null, null, '0', '0'), ('22', '63', '5', '2', '2015-07-06 17:55:26', null, null, null, null, '0', '0'), ('23', '73', '10', '2', '2015-07-08 00:41:42', null, null, null, null, '0', '0'), ('24', '74', '8', '2', '2015-07-08 00:41:42', null, null, null, null, '0', '0'), ('25', '76', '4', '2', '2015-07-08 00:49:31', null, null, null, null, '0', '0'), ('26', '77', '4', '2', '2015-07-08 00:49:31', null, null, null, null, '0', '0'), ('27', '79', '10', '2', '2015-07-08 00:53:46', null, null, null, null, '0', '0'), ('28', '80', '10', '2', '2015-07-08 01:12:45', null, null, null, null, '0', '0'), ('29', '81', '4', '2', '2015-07-08 01:13:24', null, null, null, null, '0', '0'), ('30', '82', '4', '2', '2015-07-08 01:13:24', null, null, null, null, '0', '0'), ('31', '83', '3', '2', '2015-07-08 01:13:44', null, null, null, null, '0', '0'), ('32', '83', '5', '2', '2015-07-08 01:13:44', null, null, null, null, '0', '0'), ('33', '100', '4', '2', '2015-07-08 01:16:26', null, null, null, null, '0', '0'), ('34', '101', '7', '2', '2015-07-11 22:16:18', null, null, null, null, '0', '0'), ('35', '104', '3', '2', '2015-07-11 23:21:42', null, null, null, null, '0', '0'), ('36', '104', '5', '2', '2015-07-11 23:21:42', null, null, null, null, '0', '0'), ('37', '107', '7', '2', '2015-07-11 23:36:08', null, null, null, null, '0', '0'), ('38', '107', '9', '2', '2015-07-11 23:36:08', null, null, null, null, '0', '0'), ('39', '107', '3', '2', '2015-07-11 23:36:08', null, null, null, null, '0', '0'), ('40', '183', '26', '17', '2015-07-28 00:31:53', null, null, null, null, '0', '0'), ('41', '183', '27', '17', '2015-07-28 00:31:53', null, null, null, null, '0', '0'), ('42', '184', '28', '17', '2015-07-28 01:04:36', null, null, null, null, '0', '0'), ('43', '184', '29', '17', '2015-07-28 01:04:36', null, null, null, null, '0', '0'), ('44', '185', '30', '17', '2015-07-28 01:09:39', null, null, null, null, '0', '0'), ('45', '185', '31', '17', '2015-07-28 01:09:39', null, null, null, null, '0', '0'), ('46', '186', '30', '17', '2015-07-28 01:10:08', null, null, null, null, '0', '0'), ('47', '186', '31', '17', '2015-07-28 01:10:08', null, null, null, null, '0', '0'), ('48', '187', '30', '17', '2015-07-28 01:26:50', null, null, null, null, '0', '0'), ('49', '187', '31', '17', '2015-07-28 01:26:50', null, null, null, null, '0', '0'), ('50', '190', '30', '17', '2015-07-28 01:29:54', null, null, null, null, '0', '0'), ('51', '191', '30', '17', '2015-07-28 01:33:09', null, null, null, null, '0', '0'), ('52', '191', '31', '17', '2015-07-28 01:33:09', null, null, null, null, '0', '0'), ('53', '197', '30', '17', '2015-07-28 10:33:55', null, null, null, null, '0', '0'), ('54', '197', '31', '17', '2015-07-28 10:33:55', null, null, null, null, '0', '0'), ('55', '198', '30', '2', '2015-07-28 10:34:25', null, null, null, null, '0', '0'), ('56', '198', '31', '2', '2015-07-28 10:34:25', null, null, null, null, '0', '0'), ('57', '199', '30', '2', '2015-07-28 10:48:44', null, null, null, null, '0', '0'), ('58', '199', '31', '2', '2015-07-28 10:48:44', null, null, null, null, '0', '0'), ('59', '200', '32', '17', '2015-07-28 10:57:25', null, null, null, null, '0', '0'), ('60', '201', '32', '17', '2015-07-28 11:31:53', null, null, null, null, '0', '0'), ('61', '202', '32', '17', '2015-07-28 11:34:40', null, null, null, null, '0', '0'), ('62', '203', '32', '17', '2015-07-28 11:39:32', null, null, null, null, '0', '0'), ('63', '204', '32', '17', '2015-07-28 23:43:04', null, null, null, null, '0', '0'), ('64', '205', '32', '17', '2015-07-28 23:44:51', null, null, null, null, '0', '0'), ('65', '206', '32', '17', '2015-07-28 23:45:31', null, null, null, null, '0', '0'), ('66', '207', '32', '17', '2015-07-28 23:46:54', null, null, null, null, '0', '0'), ('67', '208', '32', '17', '2015-07-28 23:46:55', null, null, null, null, '0', '0'), ('68', '209', '10', '17', '2015-07-28 23:50:15', null, null, null, null, '0', '0'), ('69', '210', '10', '17', '2015-07-28 23:51:12', null, null, null, null, '0', '0'), ('70', '211', '32', '17', '2015-07-29 00:04:27', null, null, null, null, '0', '0'), ('71', '212', '10', '17', '2015-07-29 00:04:47', null, null, null, null, '0', '0'), ('72', '213', '10', '17', '2015-07-29 00:05:49', null, null, null, null, '0', '0');
COMMIT;

-- ----------------------------
--  Table structure for `TBL_DOSSIER_DE_FAB_TL_OPTION`
-- ----------------------------
DROP TABLE IF EXISTS `TBL_DOSSIER_DE_FAB_TL_OPTION`;
CREATE TABLE `TBL_DOSSIER_DE_FAB_TL_OPTION` (
  `IDDossierDeFab_tl_option` int(11) NOT NULL AUTO_INCREMENT,
  `IDDossierDeFab` int(11) DEFAULT NULL,
  `IDOption` int(11) DEFAULT NULL,
  `IDMembreAdd` int(11) DEFAULT NULL,
  `DateAdd` datetime DEFAULT NULL,
  `IDMembreMaj` int(11) DEFAULT NULL,
  `DateMaj` datetime DEFAULT NULL,
  `IDMembreSupp` int(11) DEFAULT NULL,
  `DateSupp` datetime DEFAULT NULL,
  `EstSupp` int(1) NOT NULL DEFAULT '0',
  `EstProtected` int(1) NOT NULL DEFAULT '0',
  PRIMARY KEY (`IDDossierDeFab_tl_option`)
) ENGINE=InnoDB AUTO_INCREMENT=81 DEFAULT CHARSET=latin1 ROW_FORMAT=COMPACT;

-- ----------------------------
--  Records of `TBL_DOSSIER_DE_FAB_TL_OPTION`
-- ----------------------------
BEGIN;
INSERT INTO `TBL_DOSSIER_DE_FAB_TL_OPTION` VALUES ('1', '1', '4', '2', '2015-06-22 23:18:26', '2', '2015-06-29 16:05:21', '2', '2015-07-05 21:25:23', '1', '0'), ('2', '1', '8', '2', '2015-06-22 23:18:26', '2', '2015-06-29 16:05:21', '2', '2015-07-05 21:25:23', '1', '0'), ('3', '2', '7', '2', '2015-06-22 23:20:10', '2', '2015-07-02 00:25:33', '2', '2015-07-05 21:25:23', '1', '0'), ('4', '4', '4', '2', '2015-06-23 18:14:38', '2', '2015-07-02 10:03:07', '2', '2015-07-05 21:25:23', '1', '0'), ('5', '4', '8', '2', '2015-06-23 18:14:38', '2', '2015-07-02 10:03:07', '2', '2015-07-05 21:25:23', '1', '0'), ('6', '5', '4', '2', '2015-06-23 22:40:42', '15', '2015-07-01 10:02:26', '2', '2015-07-05 21:25:23', '1', '0'), ('7', '6', '4', '2', '2015-06-24 11:36:46', '2', '2015-06-26 02:06:02', '2', '2015-07-05 21:25:23', '1', '0'), ('8', '11', '8', '2', '2015-06-26 01:50:38', '15', '2015-07-01 11:17:23', '2', '2015-07-05 21:25:10', '1', '0'), ('9', '11', '2', '2', '2015-06-26 01:50:38', '15', '2015-07-01 11:17:23', '2', '2015-07-05 21:25:10', '1', '0'), ('10', '13', '4', '2', '2015-06-29 10:49:38', null, null, '2', '2015-07-05 21:25:10', '1', '0'), ('11', '13', '8', '2', '2015-06-29 10:49:38', null, null, '2', '2015-07-05 21:25:10', '1', '0'), ('12', '17', '7', '2', '2015-07-02 00:27:50', null, null, '2', '2015-07-05 21:25:23', '1', '0'), ('13', '18', '2', '16', '2015-07-02 15:05:42', '2', '2015-07-02 22:42:33', '2', '2015-07-05 21:25:10', '1', '0'), ('14', '18', '3', '16', '2015-07-02 15:05:42', '2', '2015-07-02 22:42:33', '2', '2015-07-05 21:25:10', '1', '0'), ('15', '19', '4', '2', '2015-07-03 02:14:40', null, null, '2', '2015-07-05 21:25:10', '1', '0'), ('16', '20', '7', '2', '2015-07-05 21:32:12', '2', '2015-07-05 21:35:56', '2', '2015-07-05 21:35:55', '1', '0'), ('17', '21', '4', '2', '2015-07-05 21:36:35', null, null, '2', '2015-07-05 21:40:51', '1', '0'), ('18', '22', '10', '2', '2015-07-05 21:39:00', null, null, '2', '2015-07-05 21:40:51', '1', '0'), ('19', '23', '4', '2', '2015-07-05 21:41:15', null, null, '2', '2015-07-08 01:16:26', '1', '0'), ('20', '26', '5', '2', '2015-07-06 17:55:26', null, null, '2', '2015-07-11 23:21:42', '1', '0'), ('21', '26', '3', '2', '2015-07-06 17:55:26', null, null, '2', '2015-07-11 23:21:42', '1', '0'), ('22', '30', '10', '2', '2015-07-08 00:41:42', null, null, '2', '2015-07-08 00:48:12', '1', '0'), ('23', '30', '8', '2', '2015-07-08 00:41:42', null, null, '2', '2015-07-08 00:48:12', '1', '0'), ('24', '31', '4', '2', '2015-07-08 00:49:31', null, null, '2', '2015-07-08 01:13:24', '1', '0'), ('25', '32', '10', '2', '2015-07-08 00:53:46', null, null, '2', '2015-07-08 01:12:45', '1', '0'), ('26', '32', '10', '2', '2015-07-08 01:12:45', null, null, null, null, '0', '0'), ('27', '31', '4', '2', '2015-07-08 01:13:24', null, null, null, null, '0', '0'), ('28', '26', '3', '2', '2015-07-08 01:13:44', null, null, '2', '2015-07-11 23:21:42', '1', '0'), ('29', '26', '5', '2', '2015-07-08 01:13:44', null, null, '2', '2015-07-11 23:21:42', '1', '0'), ('30', '23', '4', '2', '2015-07-08 01:16:26', null, null, null, null, '0', '0'), ('31', '33', '7', '2', '2015-07-11 22:16:18', null, null, null, null, '0', '0'), ('32', '26', '3', '2', '2015-07-11 23:21:42', null, null, null, null, '0', '0'), ('33', '26', '5', '2', '2015-07-11 23:21:42', null, null, null, null, '0', '0'), ('34', '34', '7', '2', '2015-07-11 23:36:08', null, null, null, null, '0', '0'), ('35', '34', '9', '2', '2015-07-11 23:36:08', null, null, null, null, '0', '0'), ('36', '34', '3', '2', '2015-07-11 23:36:08', null, null, null, null, '0', '0'), ('37', '109', '25', '1', '2015-07-28 00:02:33', null, null, '1', '2015-07-28 00:05:52', '1', '0'), ('38', '110', '23', '1', '2015-07-28 00:05:59', null, null, '2', '2015-07-28 00:09:00', '1', '0'), ('39', '110', '25', '1', '2015-07-28 00:05:59', null, null, '2', '2015-07-28 00:09:00', '1', '0'), ('40', '111', '23', '17', '2015-07-28 00:09:12', null, null, '2', '2015-07-28 00:10:26', '1', '0'), ('41', '111', '25', '17', '2015-07-28 00:09:12', null, null, '2', '2015-07-28 00:10:26', '1', '0'), ('42', '112', '26', '17', '2015-07-28 00:10:30', null, null, '2', '2015-07-28 00:31:50', '1', '0'), ('43', '112', '27', '17', '2015-07-28 00:10:30', null, null, '2', '2015-07-28 00:31:50', '1', '0'), ('44', '113', '26', '17', '2015-07-28 00:31:53', null, null, '2', '2015-07-28 00:54:26', '1', '0'), ('45', '113', '27', '17', '2015-07-28 00:31:53', null, null, '2', '2015-07-28 00:54:26', '1', '0'), ('46', '114', '28', '17', '2015-07-28 00:55:02', null, null, '2', '2015-07-28 01:02:23', '1', '0'), ('47', '114', '29', '17', '2015-07-28 00:55:02', null, null, '2', '2015-07-28 01:02:23', '1', '0'), ('48', '115', '28', '17', '2015-07-28 01:02:27', null, null, '2', '2015-07-28 01:04:34', '1', '0'), ('49', '115', '29', '17', '2015-07-28 01:02:27', null, null, '2', '2015-07-28 01:04:34', '1', '0'), ('50', '116', '28', '17', '2015-07-28 01:04:36', null, null, '2', '2015-07-28 01:09:15', '1', '0'), ('51', '116', '29', '17', '2015-07-28 01:04:36', null, null, '2', '2015-07-28 01:09:15', '1', '0'), ('52', '117', '30', '17', '2015-07-28 01:09:39', null, null, '2', '2015-07-28 01:10:05', '1', '0'), ('53', '117', '31', '17', '2015-07-28 01:09:39', null, null, '2', '2015-07-28 01:10:05', '1', '0'), ('54', '118', '30', '17', '2015-07-28 01:10:08', null, null, '2', '2015-07-28 01:26:46', '1', '0'), ('55', '118', '31', '17', '2015-07-28 01:10:08', null, null, '2', '2015-07-28 01:26:46', '1', '0'), ('56', '119', '30', '17', '2015-07-28 01:26:50', null, null, '2', '2015-07-28 01:27:22', '1', '0'), ('57', '119', '31', '17', '2015-07-28 01:26:50', null, null, '2', '2015-07-28 01:27:22', '1', '0'), ('58', '122', '30', '17', '2015-07-28 01:29:54', null, null, '2', '2015-07-28 01:32:29', '1', '0'), ('59', '123', '30', '17', '2015-07-28 01:33:09', null, null, '2', '2015-07-28 10:48:43', '1', '0'), ('60', '123', '31', '17', '2015-07-28 01:33:09', null, null, '2', '2015-07-28 10:48:43', '1', '0'), ('61', '129', '30', '17', '2015-07-28 10:33:55', null, null, '2', '2015-07-28 10:48:44', '1', '0'), ('62', '129', '31', '17', '2015-07-28 10:33:55', null, null, '2', '2015-07-28 10:48:44', '1', '0'), ('63', '129', '30', '2', '2015-07-28 10:34:25', null, null, '2', '2015-07-28 10:48:44', '1', '0'), ('64', '129', '31', '2', '2015-07-28 10:34:25', null, null, '2', '2015-07-28 10:48:44', '1', '0'), ('65', '129', '30', '2', '2015-07-28 10:48:44', null, null, null, null, '0', '0'), ('66', '129', '31', '2', '2015-07-28 10:48:44', null, null, null, null, '0', '0'), ('67', '130', '32', '17', '2015-07-28 10:57:25', null, null, '2', '2015-07-28 11:17:48', '1', '0'), ('68', '131', '32', '17', '2015-07-28 11:31:53', null, null, '2', '2015-07-28 11:32:25', '1', '0'), ('69', '132', '32', '17', '2015-07-28 11:34:40', null, null, '2', '2015-07-28 11:39:27', '1', '0'), ('70', '133', '32', '17', '2015-07-28 11:39:32', null, null, '2', '2015-07-28 23:41:58', '1', '0'), ('71', '134', '32', '17', '2015-07-28 23:43:04', null, null, '2', '2015-07-28 23:46:49', '1', '0'), ('72', '135', '32', '17', '2015-07-28 23:44:51', null, null, '2', '2015-07-28 23:46:49', '1', '0'), ('73', '136', '32', '17', '2015-07-28 23:45:31', null, null, '2', '2015-07-28 23:46:49', '1', '0'), ('74', '137', '32', '17', '2015-07-28 23:46:54', null, null, null, null, '0', '0'), ('75', '138', '32', '17', '2015-07-28 23:46:55', null, null, null, null, '0', '0'), ('76', '139', '10', '17', '2015-07-28 23:50:15', null, null, null, null, '0', '0'), ('77', '140', '10', '17', '2015-07-28 23:51:12', null, null, null, null, '0', '0'), ('78', '142', '32', '17', '2015-07-29 00:04:27', null, null, null, null, '0', '0'), ('79', '143', '10', '17', '2015-07-29 00:04:47', null, null, null, null, '0', '0'), ('80', '144', '10', '17', '2015-07-29 00:05:48', null, null, null, null, '0', '0');
COMMIT;

-- ----------------------------
--  Table structure for `TBL_ELEMENT`
-- ----------------------------
DROP TABLE IF EXISTS `TBL_ELEMENT`;
CREATE TABLE `TBL_ELEMENT` (
  `IDElement` int(11) NOT NULL AUTO_INCREMENT,
  `IDSociete` int(11) DEFAULT NULL,
  `Ordre` int(11) NOT NULL DEFAULT '99',
  `EstActif` int(1) NOT NULL DEFAULT '1',
  `IDMembreAdd` int(11) DEFAULT NULL,
  `DateAdd` datetime DEFAULT NULL,
  `IDMembreMaj` int(11) DEFAULT NULL,
  `DateMaj` datetime DEFAULT NULL,
  `IDMembreSupp` int(11) DEFAULT NULL,
  `DateSupp` datetime DEFAULT NULL,
  `EstSupp` int(1) NOT NULL DEFAULT '0',
  `EstProtected` int(1) NOT NULL DEFAULT '0',
  PRIMARY KEY (`IDElement`)
) ENGINE=InnoDB AUTO_INCREMENT=57 DEFAULT CHARSET=latin1 ROW_FORMAT=COMPACT;

-- ----------------------------
--  Records of `TBL_ELEMENT`
-- ----------------------------
BEGIN;
INSERT INTO `TBL_ELEMENT` VALUES ('1', '1', '1', '1', '1', '2015-06-04 23:31:14', '2', '2015-06-05 19:24:20', null, null, '0', '0'), ('2', '1', '2', '1', '1', '2015-06-04 23:31:14', '2', '2015-06-05 19:24:28', null, null, '0', '0'), ('3', '1', '3', '1', '1', '2015-06-04 23:31:14', '2', '2015-06-05 19:24:36', null, null, '0', '0'), ('4', '1', '100', '1', '1', '2015-06-04 23:31:14', null, null, null, null, '0', '0'), ('5', '1', '101', '1', '1', '2015-06-04 23:31:14', null, null, null, null, '0', '0'), ('6', '1', '102', '1', '1', '2015-06-04 23:31:14', null, null, '2', '2015-07-28 01:00:33', '0', '0'), ('7', '1', '103', '1', '1', '2015-06-04 23:31:14', null, null, '2', '2015-07-28 01:00:33', '0', '0'), ('8', '1', '104', '1', '1', '2015-06-04 23:31:14', null, null, '2', '2015-07-28 01:00:33', '0', '0'), ('9', '1', '105', '1', '1', '2015-06-04 23:31:14', null, null, '2', '2015-07-28 01:00:33', '0', '0'), ('10', '1', '106', '1', '1', '2015-06-04 23:31:14', null, null, null, null, '0', '0'), ('11', '1', '107', '1', '1', '2015-06-04 23:31:14', null, null, null, null, '0', '0'), ('12', '1', '108', '1', '1', '2015-06-04 23:31:14', null, null, null, null, '0', '0'), ('13', '1', '109', '1', '1', '2015-06-04 23:31:14', null, null, null, null, '0', '0'), ('14', '1', '110', '1', '1', '2015-06-04 23:31:14', null, null, null, null, '0', '0'), ('15', '1', '111', '1', '1', '2015-06-04 23:31:14', null, null, null, null, '0', '0'), ('16', '1', '112', '1', '1', '2015-06-04 23:31:14', null, null, null, null, '0', '0'), ('17', '1', '113', '1', '1', '2015-06-04 23:31:14', null, null, null, null, '0', '0'), ('18', '1', '114', '1', '1', '2015-06-04 23:31:14', null, null, null, null, '0', '0'), ('19', '1', '115', '1', '1', '2015-06-04 23:31:14', null, null, null, null, '0', '0'), ('20', '1', '116', '1', '1', '2015-06-04 23:31:14', null, null, null, null, '0', '0'), ('21', '1', '117', '1', '1', '2015-06-04 23:31:14', null, null, null, null, '0', '0'), ('22', '1', '118', '1', '1', '2015-06-04 23:31:14', null, null, null, null, '0', '0'), ('23', '1', '119', '1', '1', '2015-06-04 23:31:14', null, null, null, null, '0', '0'), ('24', '1', '120', '1', '1', '2015-06-04 23:31:14', null, null, null, null, '0', '0'), ('25', '1', '121', '1', '1', '2015-06-04 23:31:14', null, null, null, null, '0', '0'), ('26', '1', '122', '1', '1', '2015-06-04 23:31:14', null, null, null, null, '0', '0'), ('27', '1', '123', '1', '1', '2015-06-04 23:31:14', null, null, null, null, '0', '0'), ('28', '1', '124', '1', '1', '2015-06-04 23:31:14', null, null, null, null, '0', '0'), ('29', '1', '125', '1', '1', '2015-06-04 23:31:14', null, null, null, null, '0', '0'), ('30', '1', '126', '1', '1', '2015-06-04 23:31:14', null, null, null, null, '0', '0'), ('31', '1', '127', '1', '1', '2015-06-04 23:31:14', null, null, null, null, '0', '0'), ('32', '1', '128', '1', '1', '2015-06-04 23:31:14', null, null, null, null, '0', '0'), ('33', '1', '129', '1', '1', '2015-06-04 23:31:14', null, null, null, null, '0', '0'), ('34', '1', '130', '1', '1', '2015-06-04 23:31:14', null, null, null, null, '0', '0'), ('35', '1', '131', '1', '1', '2015-06-04 23:31:14', null, null, null, null, '0', '0'), ('36', '1', '132', '1', '1', '2015-06-04 23:31:14', null, null, null, null, '0', '0'), ('37', '1', '133', '1', '1', '2015-06-04 23:31:14', null, null, null, null, '0', '0'), ('38', '1', '134', '1', '1', '2015-06-04 23:31:14', null, null, null, null, '0', '0'), ('39', '1', '135', '1', '1', '2015-06-04 23:31:14', null, null, null, null, '0', '0'), ('40', '1', '136', '1', '1', '2015-06-04 23:31:14', null, null, null, null, '0', '0'), ('41', '1', '137', '1', '1', '2015-06-04 23:31:14', null, null, null, null, '0', '0'), ('42', '1', '138', '1', '1', '2015-06-04 23:31:14', null, null, null, null, '0', '0'), ('43', '1', '139', '1', '1', '2015-06-04 23:31:14', null, null, null, null, '0', '0'), ('44', '1', '140', '1', '1', '2015-06-04 23:31:14', null, null, null, null, '0', '0'), ('45', '1', '141', '1', '1', '2015-06-04 23:31:14', null, null, null, null, '0', '0'), ('46', '1', '142', '1', '1', '2015-06-04 23:31:14', null, null, null, null, '0', '0'), ('47', '1', '143', '1', '1', '2015-06-04 23:31:14', null, null, null, null, '0', '0'), ('48', '1', '144', '1', '1', '2015-06-04 23:31:14', null, null, null, null, '0', '0'), ('49', '1', '145', '1', '1', '2015-06-04 23:31:14', null, null, null, null, '0', '0'), ('50', '1', '146', '1', '1', '2015-06-04 23:31:14', null, null, null, null, '0', '0'), ('51', '1', '147', '1', '1', '2015-06-04 23:31:14', null, null, null, null, '0', '0'), ('52', '1', '148', '1', '1', '2015-06-04 23:31:14', null, null, null, null, '0', '0'), ('53', '1', '149', '1', '1', '2015-06-04 23:31:14', null, null, null, null, '0', '0'), ('54', '1', '99', '1', '17', '2015-07-28 00:55:02', null, null, '2', '2015-07-28 01:00:33', '1', '0'), ('55', '1', '102', '1', '2', '2015-07-28 01:01:12', null, null, null, null, '1', '0'), ('56', '1', '99', '1', '17', '2015-07-28 01:09:39', null, null, null, null, '0', '0');
COMMIT;

-- ----------------------------
--  Table structure for `TBL_ELEMENT_TRAD`
-- ----------------------------
DROP TABLE IF EXISTS `TBL_ELEMENT_TRAD`;
CREATE TABLE `TBL_ELEMENT_TRAD` (
  `IDElement` int(11) NOT NULL,
  `Nom` varchar(255) DEFAULT NULL,
  `IDLangue` int(11) DEFAULT '1'
) ENGINE=InnoDB DEFAULT CHARSET=utf8 ROW_FORMAT=COMPACT;

-- ----------------------------
--  Records of `TBL_ELEMENT_TRAD`
-- ----------------------------
BEGIN;
INSERT INTO `TBL_ELEMENT_TRAD` VALUES ('1', 'COUV', '1'), ('2', 'ENCART', '1'), ('3', 'LEAFLET', '1'), ('4', '1', '1'), ('5', '2', '1'), ('6', '3', '1'), ('7', '4', '1'), ('8', '5', '1'), ('9', '6', '1'), ('10', '7', '1'), ('11', '8', '1'), ('12', '9', '1'), ('13', '10', '1'), ('14', '11', '1'), ('15', '12', '1'), ('16', '13', '1'), ('17', '14', '1'), ('18', '15', '1'), ('19', '16', '1'), ('20', '17', '1'), ('21', '18', '1'), ('22', '19', '1'), ('23', '20', '1'), ('24', '21', '1'), ('25', '22', '1'), ('26', '23', '1'), ('27', '24', '1'), ('28', '25', '1'), ('29', '26', '1'), ('30', '27', '1'), ('31', '28', '1'), ('32', '29', '1'), ('33', '30', '1'), ('34', '31', '1'), ('35', '32', '1'), ('36', '33', '1'), ('37', '34', '1'), ('38', '35', '1'), ('39', '36', '1'), ('40', '37', '1'), ('41', '38', '1'), ('42', '39', '1'), ('43', '40', '1'), ('44', '41', '1'), ('45', '42', '1'), ('46', '43', '1'), ('47', '44', '1'), ('48', '45', '1'), ('49', '46', '1'), ('50', '47', '1'), ('51', '48', '1'), ('52', '49', '1'), ('53', '50', '1'), ('54', '1250', '1'), ('55', '3  ', '1'), ('56', 'Cover', '1');
COMMIT;

-- ----------------------------
--  Table structure for `TBL_FICHE_DE_PROD`
-- ----------------------------
DROP TABLE IF EXISTS `TBL_FICHE_DE_PROD`;
CREATE TABLE `TBL_FICHE_DE_PROD` (
  `IDFicheDeProd` int(11) NOT NULL AUTO_INCREMENT,
  `IDDossierDeFab` int(11) DEFAULT NULL,
  `Dossier` varchar(255) DEFAULT NULL,
  `Ref` varchar(255) DEFAULT NULL,
  `Quantite` int(11) DEFAULT NULL,
  `Commentaire` varchar(255) DEFAULT NULL,
  `NbPose` int(11) DEFAULT '1',
  `IDSecteur` int(11) DEFAULT NULL,
  `IDMachine` int(11) DEFAULT NULL,
  `IDImpression` int(11) DEFAULT NULL,
  `IDElement` varchar(255) DEFAULT NULL,
  `IDSupport` int(11) DEFAULT NULL,
  `IDFormat` int(11) DEFAULT NULL,
  `IDSociete` int(11) DEFAULT NULL,
  `IDMembreAdd` int(11) DEFAULT NULL,
  `DateAdd` datetime DEFAULT NULL,
  `IDMembreMaj` int(11) DEFAULT NULL,
  `DateMaj` datetime DEFAULT NULL,
  `IDMembreSupp` int(11) DEFAULT NULL,
  `DateSupp` datetime DEFAULT NULL,
  `EstSupp` int(1) NOT NULL DEFAULT '0',
  `EstProtected` int(1) NOT NULL DEFAULT '0',
  PRIMARY KEY (`IDFicheDeProd`)
) ENGINE=InnoDB AUTO_INCREMENT=94 DEFAULT CHARSET=latin1 ROW_FORMAT=COMPACT;

-- ----------------------------
--  Records of `TBL_FICHE_DE_PROD`
-- ----------------------------
BEGIN;
INSERT INTO `TBL_FICHE_DE_PROD` VALUES ('1', '1', 'S01/01', '710010', '2500', '', '1', '1', '2', '14', '4', '4', '2', '1', '3', '2015-06-22 23:23:56', null, null, null, null, '1', '0'), ('2', '1', 'S01/01', '710010', '2500', '', '1', '1', '2', '13', '5', '2', '5', '1', '3', '2015-06-22 23:24:06', null, null, null, null, '1', '0'), ('3', '1', 'S01/01', '710010', '2500', '', '1', '2', '4', '1', '4', '4', '2', '1', '4', '2015-06-22 23:25:05', '2', '2015-06-23 12:11:14', '2', '2015-06-25 22:36:06', '1', '0'), ('4', '2', 'S02/01', 'Planches CDV', '1000', '', '55', '1', '2', '13', '4', '4', '2', '1', '2', '2015-06-23 18:00:36', null, null, '2', '2015-06-24 17:15:52', '1', '0'), ('5', '1', 'S01/01', '710010', '2500', '', '1', '2', '1', '6', '5', '2', '5', '1', '3', '2015-06-23 18:03:23', null, null, null, null, '1', '0'), ('6', '5', 'S05/01', '710011', '12', '', '1', '6', '9', '16', '4', '2', '5', '1', '2', '2015-06-23 22:46:33', null, null, null, null, '1', '0'), ('7', '5', 'S05/01', '710011', '6', '', '1', '6', '9', '7', '5', '2', '5', '1', '2', '2015-06-23 22:47:08', '2', '2015-06-24 11:50:21', null, null, '1', '0'), ('8', '1', 'S01/01', '710010', '2501', 'during cleaning loose 4 plates', '1', '1', '2', '14', '4', '4', '2', '1', '2', '2015-06-24 11:45:03', '2', '2015-06-24 16:17:03', '2', '2015-06-24 17:54:30', '1', '0'), ('9', '3', 'S03/01', 'Poster', '5000', '', '1', '2', '4', '4', '4', '1', '3', '1', '2', '2015-06-24 11:48:44', null, null, null, null, '1', '0'), ('10', '2', 'S02/01', 'Planches CDV', '1000', '', '55', '2', '1', '1', '4', '4', '2', '1', '2', '2015-06-24 11:55:39', null, null, '2', '2015-06-24 16:17:56', '1', '0'), ('11', '2', 'S02/01', 'Planches CDV', '1000', '', '55', '1', '2', '14', '4', '4', '2', '1', '2', '2015-06-24 17:17:27', '2', '2015-06-24 17:17:57', '2', '2015-06-24 17:18:02', '1', '0'), ('12', '2', 'S02/01', 'Planches CDV', '1000', '', '55', '1', '2', '13', '4', '4', '2', '1', '2', '2015-06-24 17:21:41', null, null, '2', '2015-06-24 17:21:53', '1', '0'), ('13', '2', 'S02/01', 'Planches CDV', '1000', '', '55', '1', '2', '13', '4', '4', '2', '1', '2', '2015-06-24 17:22:17', null, null, '2', '2015-06-24 17:22:27', '1', '0'), ('14', '2', 'S02/01', 'Planches CDV', '1000', '', '55', '1', '2', '13', '4', '4', '2', '1', '2', '2015-06-24 17:22:36', null, null, '2', '2015-06-24 17:23:01', '1', '0'), ('15', '2', 'S02/01', 'Planches CDV', '1000', '', '55', '1', '2', '13', '4', '4', '2', '1', '2', '2015-06-24 17:23:11', null, null, '2', '2015-06-24 17:31:01', '1', '0'), ('16', '1', 'S01/01', '710010', '2500', '', '1', '1', '2', '14', '4', '4', '2', '1', '2', '2015-06-24 17:56:18', null, null, '2', '2015-06-24 17:56:38', '1', '0'), ('17', '6', 'S06/01', '712123', '1250', '', '1', '1', '2', '13', '4', '2', '5', '1', '2', '2015-06-25 00:29:31', null, null, '2', '2015-06-25 00:31:30', '1', '0'), ('18', '6', 'S06/01', '712123', '1250', '', '1', '1', '2', '14', '1', '4', '2', '1', '14', '2015-06-25 10:30:23', null, null, null, null, '1', '0'), ('19', '6', 'S06/01', '712123', '1250', '', '1', '2', '1', '4', '1', '4', '2', '1', '4', '2015-06-25 10:31:18', null, null, '4', '2015-06-25 10:32:26', '1', '0'), ('20', '6', 'S06/01', '712123', '1250', '', '1', '2', '4', '4', '1', '4', '2', '1', '4', '2015-06-25 10:32:43', null, null, null, null, '1', '0'), ('21', '6', 'S06/01', '712123', '1250', '', '1', '2', '4', '1', '4', '2', '5', '1', '4', '2015-06-25 10:49:38', '16', '2015-07-02 15:18:23', null, null, '1', '0'), ('22', '6', 'S06/01', '712123', '1250', '', '1', '1', '2', '14', '1', '4', '2', '1', '4', '2015-06-25 11:21:47', null, null, null, null, '1', '0'), ('23', '6', 'S06/01', '712123', '1250', '', '1', '1', '2', '13', '4', '2', '5', '1', '4', '2015-06-25 11:21:55', null, null, null, null, '1', '0'), ('24', '6', 'S06/01', '712123', '1250', '', '1', '1', '2', '14', '1', '4', '2', '1', '2', '2015-06-25 11:22:35', null, null, null, null, '1', '0'), ('25', '1', 'S01/01', '710010', '2500', '', '1', '1', '2', '14', '4', '4', '2', '1', '2', '2015-06-25 21:13:03', null, null, '2', '2015-06-25 21:15:05', '1', '0'), ('26', '1', 'S01/01', '710010', '2500', '', '1', '1', '2', '14', '4', '4', '2', '1', '2', '2015-06-25 21:13:56', null, null, null, null, '1', '0'), ('27', '1', 'S01/01', '710010', '2500', '', '1', '1', '2', '14', '4', '4', '2', '1', '2', '2015-06-25 21:14:05', null, null, '2', '2015-06-25 21:31:14', '1', '0'), ('28', '1', 'S01/01', '710010', '2500', '', '1', '1', '2', '14', '4', '4', '2', '1', '2', '2015-06-25 21:14:34', null, null, '2', '2015-06-25 21:20:20', '1', '0'), ('29', '1', 'S01/01', '710010', '2500', '', '1', '1', '2', '14', '4', '4', '2', '1', '2', '2015-06-25 21:14:39', null, null, '2', '2015-06-25 21:20:20', '1', '0'), ('30', '1', 'S01/01', '710010', '2500', '', '1', '1', '2', '14', '4', '4', '2', '1', '2', '2015-06-25 21:14:51', null, null, '2', '2015-06-25 21:20:20', '1', '0'), ('31', '1', 'S01/01', '710010', '2500', '', '1', '1', '2', '14', '4', '4', '2', '1', '2', '2015-06-25 21:18:38', null, null, '2', '2015-06-25 21:20:20', '1', '0'), ('32', '1', 'S01/01', '710010', '2500', '', '1', '1', '2', '14', '4', '4', '2', '1', '2', '2015-06-25 21:19:03', null, null, '2', '2015-06-25 21:20:20', '1', '0'), ('33', '1', 'S01/01', '710010', '2500', '', '1', '1', '2', '14', '4', '4', '2', '1', '2', '2015-06-25 21:19:17', null, null, '2', '2015-06-25 21:20:20', '1', '0'), ('34', '1', 'S01/01', '710010', '2500', '', '1', '1', '2', '14', '4', '4', '2', '1', '2', '2015-06-25 21:20:54', null, null, '2', '2015-06-25 21:31:04', '1', '0'), ('35', '1', 'S01/01', '710010', '2500', '', '1', '1', '2', '14', '4', '4', '2', '1', '2', '2015-06-25 21:21:58', null, null, '2', '2015-06-25 21:30:53', '1', '0'), ('36', '1', 'S01/01', '710010', '2500', '', '1', '1', '2', '14', '4', '4', '2', '1', '2', '2015-06-25 21:26:05', null, null, '2', '2015-06-25 21:30:48', '1', '0'), ('37', '1', 'S01/01', '710010', '2500', '', '1', '1', '2', '14', '4', '4', '2', '1', '2', '2015-06-25 21:26:55', null, null, '2', '2015-06-25 21:30:39', '1', '0'), ('38', '1', 'S01/01', '710010', '2500', '', '1', '1', '2', '14', '4', '4', '2', '1', '2', '2015-06-25 21:27:03', null, null, '2', '2015-06-25 21:30:39', '1', '0'), ('39', '1', 'S01/01', '710010', '2500', '', '1', '1', '2', '14', '4', '4', '2', '1', '2', '2015-06-25 21:27:31', null, null, '2', '2015-06-25 21:30:39', '1', '0'), ('40', '1', 'S01/01', '710010', '2500', '', '1', '1', '2', '14', '4', '4', '2', '1', '2', '2015-06-25 21:30:07', null, null, '2', '2015-06-25 21:30:39', '1', '0'), ('41', '1', 'S01/01', '710010', '2500', '', '1', '2', '4', '1', '4', '4', '2', '1', '2', '2015-06-25 22:47:59', null, null, null, null, '1', '0'), ('42', '5', 'S05/01', '710011', '12', '', '1', '1', '2', '14', '1', '4', '2', '1', '2', '2015-06-25 23:16:36', null, null, '2', '2015-06-25 23:18:52', '1', '0'), ('43', '5', 'S05/01', '710011', '12', '', '1', '1', '2', '14', '1', '4', '2', '1', '2', '2015-06-25 23:18:32', null, null, '2', '2015-06-25 23:18:52', '1', '0'), ('44', '5', 'S05/01', '710011', '12', '', '1', '1', '2', '14', '1', '4', '2', '1', '2', '2015-06-25 23:19:07', null, null, null, null, '1', '0'), ('45', '4', 'S04/01', '710210', '50000', '', '1', '1', '2', '14', '1', '4', '2', '1', '2', '2015-06-25 23:21:19', null, null, null, null, '1', '0'), ('46', '4', 'S04/01', '710210', '50000', '', '1', '1', '2', '14', '1', '4', '2', '1', '2', '2015-06-25 23:30:33', null, null, '2', '2015-06-25 23:30:41', '1', '0'), ('47', '4', 'S04/01', '710210', '50000', '', '1', '1', '2', '14', '1', '4', '2', '1', '2', '2015-06-25 23:31:19', null, null, '2', '2015-06-25 23:31:34', '1', '0'), ('48', '7', 'S15061234/01', 'Test barcode', '1', '', '1', '1', '2', '13', '4', '2', '1', '1', '2', '2015-06-25 23:56:02', null, null, null, null, '1', '0'), ('49', '2', 'S02/01', 'Planches CDV', '1000', '', '55', '1', '2', '13', '4', '4', '2', '1', '2', '2015-06-26 01:05:43', null, null, null, null, '1', '0'), ('50', '11', 'S07/01', '', '100', '', '25', '2', '12', '2', '4', '4', '2', '1', '2', '2015-06-26 01:51:12', null, null, '2', '2015-06-26 01:51:30', '1', '0'), ('51', '8', 'S15064321/02', 'test', '1', '', '2', '1', '2', '13', '5', '2', '1', '1', '2', '2015-06-26 02:34:56', null, null, null, null, '1', '0'), ('52', '5', 'S05/01', '710011', '12', '', '1', '1', '2', '13', '6', '2', '5', '1', '2', '2015-06-26 10:13:49', null, null, null, null, '1', '0'), ('53', '3', 'S03/01', 'Poster', '5000', '', '1', '1', '2', '13', '4', '1', '3', '1', '2', '2015-06-26 10:15:00', null, null, null, null, '1', '0'), ('54', '6', 'S06/01', '712123', '1250', '', '1', '2', '4', '1', '4', '2', '5', '1', '2', '2015-06-26 16:54:44', null, null, null, null, '1', '0'), ('55', '4', 'S04/01', '710210', '50000', '', '1', '2', '4', '4', '1', '4', '2', '1', '2', '2015-06-26 17:07:04', null, null, null, null, '1', '0'), ('56', '5', 'S05/01', '710011', '12', '', '1', '1', '2', '13', '4', '2', '5', '1', '2', '2015-06-27 01:33:38', '2', '2015-06-27 11:07:57', null, null, '1', '0'), ('57', '13', 'S09/01', 'BRA4 20+couv', '12500', '', '1', '1', '2', '13', '1', '4', '2', '1', '2', '2015-06-29 15:30:52', null, null, null, null, '1', '0'), ('58', '4', 'S04/01', '710210', '50000', '', '1', '1', '2', '13', '4', '4', '5', '1', '2', '2015-06-29 15:31:09', null, null, null, null, '1', '0'), ('59', '13', 'S09/01', 'BRA4 20+couv', '12500', '', '1', '3', '3', '15', '1', '4', '2', '1', '1', '2015-06-29 16:01:50', null, null, null, null, '1', '0'), ('60', '13', 'S09/01', 'BRA4 20+couv', '12500', '', '1', '2', '1', '6', '4', '2', '5', '1', '2', '2015-06-29 16:02:58', null, null, null, null, '1', '0'), ('61', '15', 'S11/01', '', '1', '', '1', '6', '9', '18', '4', '2', '1', '1', '2', '2015-06-29 16:09:31', null, null, null, null, '1', '0'), ('62', '11', 'S07/01', '', '100', '', '25', '1', '2', '13', '4', '4', '2', '1', '15', '2015-06-29 17:40:03', null, null, null, null, '1', '0'), ('63', '13', 'S09/01', 'BRA4 20+couv', '12500', '', '1', '2', '1', '4', '1', '4', '2', '1', '2', '2015-06-29 17:42:05', '2', '2015-07-02 01:07:18', null, null, '1', '0'), ('64', '13', 'S09/01', 'BRA4 20+couv', '25000', '', '1', '1', '2', '14', '5', '2', '5', '1', '2', '2015-06-29 18:25:56', null, null, null, null, '1', '0'), ('65', '4', 'S04/01', '710210', '50000', '', '1', '1', '2', '14', '1', '4', '2', '1', '15', '2015-06-29 19:46:30', null, null, null, null, '1', '0'), ('66', '5', 'S05/01', '710011', '15', '', '1', '2', '1', '6', '4', '2', '5', '1', '15', '2015-06-29 19:49:42', null, null, null, null, '1', '0'), ('67', '5', 'S05/01', '710011', '10000', '', '1', '1', '2', '13', '5', '2', '5', '1', '15', '2015-07-01 16:31:28', null, null, null, null, '1', '0'), ('68', '5', 'S05/01', '710011', '10000', '', '1', '2', '4', '6', '5', '2', '5', '1', '15', '2015-07-02 10:13:53', null, null, null, null, '1', '0'), ('69', '10', 'S15061212/01', '', '10500', '', '1', '1', '2', '13', '1', '2', '1', '1', '2', '2015-07-02 12:17:25', null, null, '2', '2015-07-02 12:17:54', '1', '0'), ('70', '5', 'S05/01', '710011', '10000', '', '1', '1', '2', '13', '4', '2', '5', '1', '2', '2015-07-02 12:17:37', null, null, '2', '2015-07-02 12:17:54', '1', '0'), ('71', '10', 'S15061212/01', '', '10500', '', '1', '1', '2', '13', '1', '2', '1', '1', '15', '2015-07-02 14:48:54', null, null, null, null, '1', '0'), ('72', '2', 'S02/01', 'Planches CDV ', '10000', '', '55', '3', '3', '8', '4', '4', '2', '1', '16', '2015-07-02 14:50:18', null, null, null, null, '1', '0'), ('73', '3', 'S03/01', 'Poster', '5000', '', '1', '3', '3', '20', '4', '1', '3', '1', '16', '2015-07-02 14:55:22', null, null, null, null, '1', '0'), ('74', '5', 'S05/01', '710011', '5000', '', '1', '3', '3', '15', '1', '4', '2', '1', '16', '2015-07-02 14:55:41', '16', '2015-07-02 14:55:54', '16', '2015-07-02 14:55:59', '1', '0'), ('75', '13', 'S09/01', 'BRA4 20+couv', '25000', '', '1', '2', '1', '6', '5', '2', '5', '1', '16', '2015-07-02 15:29:51', null, null, null, null, '1', '0'), ('76', '5', 'S05/01', '710011', '10000', '', '1', '1', '2', '13', '4', '2', '5', '1', '15', '2015-07-02 15:36:37', null, null, null, null, '1', '0'), ('77', '5', 'S05/01', '710011', '10000', '', '1', '1', '2', '13', '4', '2', '5', '1', '15', '2015-07-02 15:41:06', null, null, null, null, '1', '0'), ('78', '5', 'S05/01', '710011', '10000', '', '1', '3', '3', '15', '4', '2', '5', '1', '15', '2015-07-02 15:41:17', null, null, null, null, '1', '0'), ('79', '5', 'S05/01', '710011', '10000', '', '1', '2', '1', '6', '4', '2', '5', '1', '15', '2015-07-02 15:41:28', null, null, null, null, '1', '0'), ('80', null, 'mon dossier perso', 'ma ref ma moi', '100', '', '22', '2', '1', '6', '4', '3', '1', '1', '2', '2015-07-02 20:18:13', null, null, null, null, '1', '0'), ('81', '6', 'S06/01', '712123', '2500', '', '1', '2', '1', '1', '5', '2', '5', '1', '2', '2015-07-02 20:26:30', null, null, null, null, '1', '0'), ('82', '5', 'S05/01', '710011', '5000', '', '1', '2', '4', '4', '1', '4', '2', '1', '2', '2015-07-02 20:27:10', null, null, null, null, '1', '0'), ('83', '9', 'S15064321/01', 'test', '18000', '', '2', '2', '1', '1', '4', '1', '1', '1', '2', '2015-07-02 20:27:22', null, null, null, null, '1', '0'), ('84', '23', '001', '', '1', '', '1', '1', '2', '13', '4', '4', '2', '1', '2', '2015-07-05 21:42:41', null, null, null, null, '0', '0'), ('85', '26', '004', 'test PBRV+4CR', '120', '', '1', '2', '4', '4', '6', '3', '4', '1', '2', '2015-07-16 23:55:07', null, null, null, null, '0', '0'), ('86', '26', '004', 'test PBRV+4CR', '250', '', '1', '2', '4', '4', '5', '3', '4', '1', '2', '2015-07-16 23:55:48', null, null, null, null, '0', '0'), ('87', '25', '003', '@', '1', '', '4', '4', '7', '11', '4', '2', '1', '1', '2', '2015-07-17 11:47:49', null, null, '2', '2015-07-17 11:56:15', '1', '0'), ('88', '25', '003', '@', '1', '', '4', '4', '7', '11', '4', '2', '1', '1', '2', '2015-07-17 11:48:59', null, null, '2', '2015-07-17 11:56:15', '1', '0'), ('89', '25', '003', '@', '1', '', '4', '4', '7', '11', '4', '2', '1', '1', '2', '2015-07-17 11:50:52', null, null, '2', '2015-07-17 11:56:15', '1', '0'), ('90', '25', '003', '@', '1', '', '4', '4', '7', '11', '4', '2', '1', '1', '2', '2015-07-17 11:51:00', null, null, '2', '2015-07-17 11:56:15', '1', '0'), ('91', '25', '003', '@', '1', '', '4', '4', '7', '11', '4', '2', '1', '1', '2', '2015-07-17 11:54:33', null, null, null, null, '0', '0'), ('92', '25', '003', '@', '1', '', '4', '4', '7', '11', '4', '2', '1', '1', '2', '2015-07-17 11:54:53', null, null, '2', '2015-07-17 11:56:15', '1', '0'), ('93', '24', '002', '30403', '2500', '', '1', '1', '2', '13', '4', '4', '2', '1', '2', '2015-07-21 11:46:40', '2', '2015-07-21 11:46:51', null, null, '0', '0');
COMMIT;

-- ----------------------------
--  Table structure for `TBL_FICHE_DE_PROD_TL_CODE_ERREUR`
-- ----------------------------
DROP TABLE IF EXISTS `TBL_FICHE_DE_PROD_TL_CODE_ERREUR`;
CREATE TABLE `TBL_FICHE_DE_PROD_TL_CODE_ERREUR` (
  `IDFicheDeProd_tl_code_erreur` int(11) NOT NULL AUTO_INCREMENT,
  `IDFicheDeProd` int(11) DEFAULT NULL,
  `IDCodeErreur` int(11) DEFAULT NULL,
  `IDMembreAdd` int(11) DEFAULT NULL,
  `DateAdd` datetime DEFAULT NULL,
  `IDMembreMaj` int(11) DEFAULT NULL,
  `DateMaj` datetime DEFAULT NULL,
  `IDMembreSupp` int(11) DEFAULT NULL,
  `DateSupp` datetime DEFAULT NULL,
  `EstSupp` int(1) NOT NULL DEFAULT '0',
  `EstProtected` int(1) NOT NULL DEFAULT '0',
  PRIMARY KEY (`IDFicheDeProd_tl_code_erreur`)
) ENGINE=InnoDB AUTO_INCREMENT=24 DEFAULT CHARSET=latin1 ROW_FORMAT=COMPACT;

-- ----------------------------
--  Records of `TBL_FICHE_DE_PROD_TL_CODE_ERREUR`
-- ----------------------------
BEGIN;
INSERT INTO `TBL_FICHE_DE_PROD_TL_CODE_ERREUR` VALUES ('1', '3', '1', '4', '2015-06-22 23:25:05', '2', '2015-06-23 12:11:14', null, null, '1', '0'), ('2', '3', '0', '2', '2015-06-23 11:57:13', null, null, '2', '2015-06-23 12:06:38', '1', '0'), ('3', '3', '2', '2', '2015-06-23 12:07:19', '2', '2015-06-23 12:11:14', null, null, '1', '0'), ('4', '5', '1', '3', '2015-06-23 18:03:23', null, null, null, null, '1', '0'), ('5', '8', '1', '2', '2015-06-24 11:45:03', '2', '2015-06-24 16:17:03', null, null, '1', '0'), ('6', '7', '0', '2', '2015-06-24 11:49:58', null, null, '2', '2015-06-24 11:50:21', '1', '0'), ('7', '7', '0', '2', '2015-06-24 11:50:21', null, null, '2', '2015-06-24 11:50:21', '1', '0'), ('8', '8', '0', '2', '2015-06-24 16:11:25', null, null, '2', '2015-06-24 16:16:01', '1', '0'), ('9', '8', '0', '2', '2015-06-24 16:14:44', null, null, '2', '2015-06-24 16:16:01', '1', '0'), ('10', '8', '0', '2', '2015-06-24 16:17:03', null, null, null, null, '1', '0'), ('11', '11', '0', '2', '2015-06-24 17:17:57', null, null, '2', '2015-06-24 17:17:57', '1', '0'), ('12', '55', '2', '2', '2015-06-26 17:07:04', null, null, null, null, '1', '0'), ('13', '56', '0', '2', '2015-06-27 11:07:57', null, null, '2', '2015-06-27 11:07:57', '1', '0'), ('14', '63', '0', '2', '2015-07-02 01:07:18', null, null, '2', '2015-07-02 01:07:18', '1', '0'), ('15', '73', '3', '16', '2015-07-02 14:55:22', null, null, null, null, '1', '0'), ('16', '74', '2', '16', '2015-07-02 14:55:54', '16', '2015-07-02 14:55:54', null, null, '1', '0'), ('17', '21', '0', '16', '2015-07-02 15:18:23', null, null, '16', '2015-07-02 15:18:23', '1', '0'), ('18', '0', '1', '2', '2015-07-02 20:13:24', null, null, null, null, '1', '0'), ('19', '0', '2', '2', '2015-07-02 20:13:24', null, null, null, null, '1', '0'), ('20', '80', '1', '2', '2015-07-02 20:18:13', null, null, null, null, '1', '0'), ('21', '80', '2', '2', '2015-07-02 20:18:13', null, null, null, null, '1', '0'), ('22', '93', '2', '2', '2015-07-21 11:46:51', null, null, null, null, '0', '0'), ('23', '93', '0', '2', '2015-07-21 11:46:51', null, null, null, null, '0', '0');
COMMIT;

-- ----------------------------
--  Table structure for `TBL_FICHE_DE_PROD_TL_OPTION`
-- ----------------------------
DROP TABLE IF EXISTS `TBL_FICHE_DE_PROD_TL_OPTION`;
CREATE TABLE `TBL_FICHE_DE_PROD_TL_OPTION` (
  `IDFicheDeProd_tl_option` int(11) NOT NULL AUTO_INCREMENT,
  `IDFicheDeProd` int(11) DEFAULT NULL,
  `IDOption` int(11) DEFAULT NULL,
  `IDMembreAdd` int(11) DEFAULT NULL,
  `DateAdd` datetime DEFAULT NULL,
  `IDMembreMaj` int(11) DEFAULT NULL,
  `DateMaj` datetime DEFAULT NULL,
  `IDMembreSupp` int(11) DEFAULT NULL,
  `DateSupp` datetime DEFAULT NULL,
  `EstSupp` int(1) NOT NULL DEFAULT '0',
  `EstProtected` int(1) NOT NULL DEFAULT '0',
  PRIMARY KEY (`IDFicheDeProd_tl_option`)
) ENGINE=InnoDB AUTO_INCREMENT=10 DEFAULT CHARSET=latin1 ROW_FORMAT=COMPACT;

-- ----------------------------
--  Records of `TBL_FICHE_DE_PROD_TL_OPTION`
-- ----------------------------
BEGIN;
INSERT INTO `TBL_FICHE_DE_PROD_TL_OPTION` VALUES ('1', '3', '8', '4', '2015-06-22 23:25:05', null, null, null, null, '1', '0'), ('2', '41', '8', '2', '2015-06-25 22:47:59', null, null, null, null, '1', '0'), ('3', '50', '2', '2', '2015-06-26 01:51:12', null, null, null, null, '1', '0'), ('4', '50', '8', '2', '2015-06-26 01:51:12', null, null, null, null, '1', '0'), ('5', '55', '8', '2', '2015-06-26 17:07:04', null, null, null, null, '1', '0'), ('6', '0', '8', '15', '2015-06-29 17:33:50', null, null, null, null, '1', '0'), ('7', '63', '8', '2', '2015-06-29 17:42:05', null, null, null, null, '1', '0'), ('8', '0', '8', '2', '2015-07-02 20:13:24', null, null, null, null, '1', '0'), ('9', '80', '8', '2', '2015-07-02 20:18:13', null, null, null, null, '1', '0');
COMMIT;

-- ----------------------------
--  Table structure for `TBL_FONCTION`
-- ----------------------------
DROP TABLE IF EXISTS `TBL_FONCTION`;
CREATE TABLE `TBL_FONCTION` (
  `IDFonction` int(11) NOT NULL AUTO_INCREMENT,
  `IDSociete` int(11) DEFAULT NULL,
  `Ordre` int(11) NOT NULL DEFAULT '99',
  `EstActif` int(1) NOT NULL DEFAULT '1',
  `IDMembreAdd` int(11) DEFAULT NULL,
  `DateAdd` datetime DEFAULT NULL,
  `IDMembreMaj` int(11) DEFAULT NULL,
  `DateMaj` datetime DEFAULT NULL,
  `IDMembreSupp` int(11) DEFAULT NULL,
  `DateSupp` datetime DEFAULT NULL,
  `EstSupp` int(1) NOT NULL DEFAULT '0',
  `EstProtected` int(1) NOT NULL DEFAULT '0',
  PRIMARY KEY (`IDFonction`)
) ENGINE=InnoDB AUTO_INCREMENT=9 DEFAULT CHARSET=utf8 ROW_FORMAT=COMPACT;

-- ----------------------------
--  Records of `TBL_FONCTION`
-- ----------------------------
BEGIN;
INSERT INTO `TBL_FONCTION` VALUES ('1', '1', '1', '1', '1', '2015-05-21 14:56:44', '2', '2015-05-21 15:06:55', null, null, '0', '0'), ('2', '1', '2', '1', '2', '2015-05-21 15:06:41', null, null, null, null, '0', '0'), ('3', '1', '3', '1', '2', '2015-05-21 15:06:51', null, null, null, null, '0', '0'), ('4', '1', '4', '1', '2', '2015-05-21 15:07:12', null, null, null, null, '0', '0'), ('5', '1', '5', '1', '2', '2015-05-21 15:07:31', null, null, '2', '2015-07-02 22:44:10', '0', '0'), ('6', '3', '1', '1', '1', '2015-05-26 00:50:58', null, null, null, null, '0', '0'), ('7', '1', '6', '1', '2', '2015-06-24 11:06:30', null, null, '2', '2015-07-02 22:44:10', '1', '0'), ('8', '1', '7', '1', '2', '2015-06-24 11:06:46', null, null, '2', '2015-07-02 22:44:10', '1', '0');
COMMIT;

-- ----------------------------
--  Table structure for `TBL_FONCTION_PT_PAGE`
-- ----------------------------
DROP TABLE IF EXISTS `TBL_FONCTION_PT_PAGE`;
CREATE TABLE `TBL_FONCTION_PT_PAGE` (
  `IDFonction_pt_page` int(11) NOT NULL AUTO_INCREMENT,
  `IDFonction` int(11) DEFAULT NULL,
  `IDPage` int(11) DEFAULT NULL,
  `Permit` int(1) NOT NULL DEFAULT '1',
  `IDMembreAdd` int(11) DEFAULT NULL,
  `DateAdd` datetime DEFAULT NULL,
  `IDMembreMaj` int(11) DEFAULT NULL,
  `DateMaj` datetime DEFAULT NULL,
  `IDMembreSupp` int(11) DEFAULT NULL,
  `DateSupp` datetime DEFAULT NULL,
  `EstSupp` int(1) NOT NULL DEFAULT '0',
  `EstProtected` int(1) NOT NULL DEFAULT '0',
  PRIMARY KEY (`IDFonction_pt_page`)
) ENGINE=InnoDB AUTO_INCREMENT=6 DEFAULT CHARSET=latin1 ROW_FORMAT=COMPACT;

-- ----------------------------
--  Records of `TBL_FONCTION_PT_PAGE`
-- ----------------------------
BEGIN;
INSERT INTO `TBL_FONCTION_PT_PAGE` VALUES ('1', '1', '1', '1', '1', '2015-04-19 20:10:03', null, null, null, null, '0', '0'), ('2', '1', '2', '1', '1', '2015-04-19 20:10:03', '1', '2015-04-20 20:45:50', null, null, '0', '0'), ('4', '2', '2', '1', '1', '2015-04-20 23:09:24', null, null, null, null, '0', '0'), ('5', '1', '3', '1', '1', '2015-04-22 00:00:33', '1', '2015-04-22 23:37:03', null, null, '0', '0');
COMMIT;

-- ----------------------------
--  Table structure for `TBL_FONCTION_TL_PAGE`
-- ----------------------------
DROP TABLE IF EXISTS `TBL_FONCTION_TL_PAGE`;
CREATE TABLE `TBL_FONCTION_TL_PAGE` (
  `IDFonction_tl_page` int(11) NOT NULL AUTO_INCREMENT,
  `IDFonction` int(11) DEFAULT NULL,
  `IDPage` int(11) DEFAULT NULL,
  `IDMembreAdd` int(11) DEFAULT NULL,
  `DateAdd` datetime DEFAULT NULL,
  `IDMembreMaj` int(11) DEFAULT NULL,
  `DateMaj` datetime DEFAULT NULL,
  `IDMembreSupp` int(11) DEFAULT NULL,
  `DateSupp` datetime DEFAULT NULL,
  `EstSupp` int(1) NOT NULL DEFAULT '0',
  `EstProtected` int(1) NOT NULL DEFAULT '0',
  PRIMARY KEY (`IDFonction_tl_page`)
) ENGINE=InnoDB AUTO_INCREMENT=35 DEFAULT CHARSET=latin1 ROW_FORMAT=COMPACT;

-- ----------------------------
--  Records of `TBL_FONCTION_TL_PAGE`
-- ----------------------------
BEGIN;
INSERT INTO `TBL_FONCTION_TL_PAGE` VALUES ('1', '1', '1', '1', '2015-05-21 14:56:56', null, null, null, null, '0', '0'), ('2', '1', '2', '1', '2015-05-21 14:56:57', null, null, null, null, '0', '0'), ('3', '1', '4', '1', '2015-05-21 14:56:58', null, null, null, null, '0', '0'), ('4', '1', '3', '1', '2015-05-21 14:57:03', null, null, null, null, '0', '0'), ('5', '1', '5', '1', '2015-05-21 14:57:04', null, null, null, null, '0', '0'), ('6', '2', '4', '2', '2015-05-21 15:14:32', null, null, '2', '2015-06-15 21:00:38', '1', '0'), ('7', '2', '5', '2', '2015-05-21 15:14:33', null, null, null, null, '0', '0'), ('8', '3', '3', '2', '2015-05-21 15:14:39', null, null, '2', '2015-06-15 21:00:28', '1', '0'), ('9', '4', '3', '2', '2015-05-21 15:14:42', null, null, '2', '2015-06-15 21:00:46', '1', '0'), ('10', '5', '3', '2', '2015-05-21 15:14:47', null, null, '2', '2015-06-15 21:00:52', '1', '0'), ('11', '5', '5', '2', '2015-05-21 15:14:48', null, null, '2', '2015-06-15 21:00:53', '1', '0'), ('12', '1', '6', '2', '2015-05-25 18:43:10', null, null, null, null, '0', '0'), ('13', '6', '13', '1', '2015-05-26 01:04:19', null, null, null, null, '0', '0'), ('14', '6', '14', '1', '2015-05-26 01:04:20', null, null, null, null, '0', '0'), ('15', '6', '15', '1', '2015-05-26 01:04:21', null, null, null, null, '0', '0'), ('16', '6', '16', '1', '2015-05-26 01:04:22', null, null, null, null, '0', '0'), ('17', '6', '17', '1', '2015-05-26 01:04:23', null, null, null, null, '0', '0'), ('18', '6', '18', '1', '2015-05-26 01:04:23', null, null, null, null, '0', '0'), ('19', '1', '19', '2', '2015-06-05 17:34:39', null, null, null, null, '0', '0'), ('20', '1', '7', '2', '2015-06-15 21:00:06', null, null, null, null, '0', '0'), ('21', '1', '8', '2', '2015-06-15 21:00:07', null, null, null, null, '0', '0'), ('22', '2', '6', '2', '2015-06-15 21:00:18', null, null, null, null, '0', '0'), ('23', '3', '4', '2', '2015-06-15 21:00:29', null, null, null, null, '0', '0'), ('24', '4', '4', '2', '2015-06-15 21:00:45', null, null, null, null, '0', '0'), ('25', '5', '4', '2', '2015-06-15 21:00:51', null, null, null, null, '0', '0'), ('26', '5', '6', '2', '2015-06-15 21:00:54', null, null, null, null, '0', '0'), ('27', '1', '9', '1', '2015-06-26 00:54:51', null, null, null, null, '0', '0'), ('28', '2', '9', '2', '2015-07-02 22:47:43', null, null, null, null, '0', '0'), ('29', '1', '10', '2', '2015-07-03 02:18:00', null, null, null, null, '0', '0'), ('30', '2', '10', '2', '2015-07-03 02:18:04', null, null, null, null, '0', '0'), ('31', '5', '10', '2', '2015-07-03 02:18:08', null, null, null, null, '0', '0'), ('32', '1', '11', '1', '2015-07-09 00:26:22', null, null, null, null, '0', '0'), ('33', '1', '12', '2', '2015-07-09 16:01:16', null, null, null, null, '0', '0'), ('34', '1', '13', '2', '2015-07-12 00:05:17', null, null, null, null, '0', '0');
COMMIT;

-- ----------------------------
--  Table structure for `TBL_FONCTION_TRAD`
-- ----------------------------
DROP TABLE IF EXISTS `TBL_FONCTION_TRAD`;
CREATE TABLE `TBL_FONCTION_TRAD` (
  `IDFonction` int(11) NOT NULL,
  `Nom` varchar(255) CHARACTER SET latin1 DEFAULT NULL,
  `IDLangue` int(4) NOT NULL DEFAULT '1'
) ENGINE=InnoDB DEFAULT CHARSET=utf8 ROW_FORMAT=COMPACT;

-- ----------------------------
--  Records of `TBL_FONCTION_TRAD`
-- ----------------------------
BEGIN;
INSERT INTO `TBL_FONCTION_TRAD` VALUES ('1', 'Managers', '1'), ('2', 'Fabricants', '1'), ('3', 'Conducteurs', '1'), ('4', 'Massicotiers', '1'), ('5', 'PAO', '1'), ('6', 'Chef', '1'), ('7', 'Printer', '1'), ('8', 'Shipping', '1');
COMMIT;

-- ----------------------------
--  Table structure for `TBL_FORMAT`
-- ----------------------------
DROP TABLE IF EXISTS `TBL_FORMAT`;
CREATE TABLE `TBL_FORMAT` (
  `IDFormat` int(11) NOT NULL AUTO_INCREMENT,
  `IDSociete` int(11) DEFAULT NULL,
  `Ordre` int(11) NOT NULL DEFAULT '99',
  `EstActif` int(1) NOT NULL DEFAULT '1',
  `IDMembreAdd` int(11) DEFAULT NULL,
  `DateAdd` datetime DEFAULT NULL,
  `IDMembreMaj` int(11) DEFAULT NULL,
  `DateMaj` datetime DEFAULT NULL,
  `IDMembreSupp` int(11) DEFAULT NULL,
  `DateSupp` datetime DEFAULT NULL,
  `EstSupp` int(1) NOT NULL DEFAULT '0',
  `EstProtected` int(1) NOT NULL DEFAULT '0',
  PRIMARY KEY (`IDFormat`)
) ENGINE=InnoDB AUTO_INCREMENT=13 DEFAULT CHARSET=latin1 ROW_FORMAT=COMPACT;

-- ----------------------------
--  Records of `TBL_FORMAT`
-- ----------------------------
BEGIN;
INSERT INTO `TBL_FORMAT` VALUES ('1', '1', '1', '1', '2', '2015-05-21 15:10:44', null, null, null, null, '0', '0'), ('2', '1', '2', '1', '2', '2015-05-21 15:10:54', null, null, null, null, '0', '0'), ('3', '1', '3', '1', '2', '2015-05-21 15:11:09', null, null, null, null, '0', '0'), ('4', '1', '4', '1', '2', '2015-05-21 15:11:20', null, null, null, null, '0', '0'), ('5', '1', '5', '1', '2', '2015-05-21 15:11:36', null, null, null, null, '0', '0'), ('6', '3', '1', '1', '1', '2015-05-26 00:52:43', null, null, '2', '2015-07-28 01:00:05', '1', '0'), ('7', '1', '99', '1', '17', '2015-07-28 00:55:02', null, null, '2', '2015-07-28 01:08:51', '1', '0'), ('8', '1', '99', '1', '17', '2015-07-28 00:55:02', null, null, '2', '2015-07-28 01:00:05', '1', '0'), ('9', '1', '99', '1', '17', '2015-07-28 00:55:02', null, null, '2', '2015-07-28 01:00:05', '1', '0'), ('10', '1', '99', '1', '17', '2015-07-28 01:02:27', null, null, '2', '2015-07-28 01:04:24', '1', '0'), ('11', '1', '99', '1', '17', '2015-07-28 01:04:36', null, null, '2', '2015-07-28 01:08:51', '1', '0'), ('12', '1', '99', '1', '17', '2015-07-28 01:09:39', null, null, null, null, '0', '0');
COMMIT;

-- ----------------------------
--  Table structure for `TBL_FORMAT_TRAD`
-- ----------------------------
DROP TABLE IF EXISTS `TBL_FORMAT_TRAD`;
CREATE TABLE `TBL_FORMAT_TRAD` (
  `IDFormat` int(11) NOT NULL,
  `Nom` varchar(255) DEFAULT NULL,
  `IDLangue` int(4) NOT NULL DEFAULT '1'
) ENGINE=InnoDB DEFAULT CHARSET=latin1 ROW_FORMAT=COMPACT;

-- ----------------------------
--  Records of `TBL_FORMAT_TRAD`
-- ----------------------------
BEGIN;
INSERT INTO `TBL_FORMAT_TRAD` VALUES ('1', '45x64', '1'), ('2', '52x72', '1'), ('3', '64x90', '1'), ('4', '65x92', '1'), ('5', '70x102', '1'), ('6', 'A1+', '1'), ('7', '1250', '1'), ('8', '1', '1'), ('9', '3', '1'), ('10', '62x91', '1'), ('11', '62x91', '1'), ('12', '62x91', '1');
COMMIT;

-- ----------------------------
--  Table structure for `TBL_FOURNISSEUR`
-- ----------------------------
DROP TABLE IF EXISTS `TBL_FOURNISSEUR`;
CREATE TABLE `TBL_FOURNISSEUR` (
  `IDFournisseur` int(11) NOT NULL AUTO_INCREMENT,
  `Nom` varchar(255) CHARACTER SET latin1 DEFAULT NULL,
  `Adresse1` varchar(255) CHARACTER SET latin1 DEFAULT NULL,
  `Adresse2` varchar(255) DEFAULT NULL,
  `CodePostal` int(8) DEFAULT NULL,
  `Ville` varchar(255) DEFAULT NULL,
  `Pays` varchar(255) DEFAULT NULL,
  `Telephone` varchar(255) DEFAULT NULL,
  `Fax` varchar(255) DEFAULT NULL,
  `Mail` varchar(255) DEFAULT NULL,
  `Certification` varchar(255) DEFAULT NULL,
  `Activite` varchar(255) DEFAULT NULL,
  `CodeClient` varchar(255) DEFAULT NULL,
  `IDFournisseurType` int(11) DEFAULT NULL,
  `EstFournisseur` int(1) NOT NULL DEFAULT '0',
  `EstSousTraitant` int(1) NOT NULL DEFAULT '0',
  `EstPrestataire` int(1) NOT NULL DEFAULT '0',
  `ContactNom` varchar(255) DEFAULT NULL,
  `ContactPrenom` varchar(255) DEFAULT NULL,
  `ContactFonction` varchar(255) DEFAULT NULL,
  `ContactTelephone` varchar(255) DEFAULT NULL,
  `ContactFax` varchar(255) DEFAULT NULL,
  `ContactMail` varchar(255) DEFAULT NULL,
  `IDSociete` int(11) DEFAULT NULL,
  `EstActif` int(1) NOT NULL DEFAULT '1',
  `IDMembreAdd` int(11) DEFAULT NULL,
  `DateAdd` datetime DEFAULT NULL,
  `IDMembreMaj` int(11) DEFAULT NULL,
  `DateMaj` datetime DEFAULT NULL,
  `IDMembreSupp` int(11) DEFAULT NULL,
  `DateSupp` datetime DEFAULT NULL,
  `EstSupp` int(1) NOT NULL DEFAULT '0',
  `EstProtected` int(1) NOT NULL DEFAULT '0',
  PRIMARY KEY (`IDFournisseur`)
) ENGINE=InnoDB AUTO_INCREMENT=7 DEFAULT CHARSET=utf8 ROW_FORMAT=COMPACT;

-- ----------------------------
--  Records of `TBL_FOURNISSEUR`
-- ----------------------------
BEGIN;
INSERT INTO `TBL_FOURNISSEUR` VALUES ('1', 'PAPYRUS', 'Impasse', 'sans fin', '34270', 'CLARET', null, '04.67.59.07.40', '04.67.59.07.41', 'mail@mail.fr', 'FSC & PEFC', 'papier', 'S1257', '2', '1', '0', '0', 'FOUST', 'Tanner', 'Manager', '04.67.59.07.42', null, 'contact@papy.me', '1', '1', '2', '2015-07-14 21:53:04', null, null, null, null, '0', '0'), ('2', 'KOMORI', 'Rue qui tourne pas rond', null, '75', 'PARIS', null, '04.67.59.07.40', '04.67.59.07.41', 'mail@mail.fr', null, 'presse', null, '1', '0', '0', '1', 'BROS', 'Mario', null, null, null, null, '1', '1', '2', '2015-07-15 00:36:44', '15', '2015-07-15 01:37:10', '2', '2015-07-15 23:58:27', '1', '0'), ('3', 'HEIDELBERG', 'Rue qui tourne pas rond', null, '75000', 'PARIS', null, '0467590740', null, null, null, null, null, null, '0', '1', '0', null, null, null, null, null, null, '1', '1', '2', '2015-07-15 01:33:29', '2', '2015-07-16 00:40:12', null, null, '0', '0'), ('4', 'KODAK', null, null, '92', 'ANOTNY', null, null, null, null, null, null, null, '1', '1', '0', '1', null, null, null, null, null, null, '1', '1', '2', '2015-07-15 01:34:05', '2', '2015-07-16 00:40:01', null, null, '0', '0'), ('5', 'MGI', 'Impasse sans fin', null, null, null, null, null, null, null, null, null, null, null, '0', '0', '0', 'MOI', 'élui', 'M.', null, null, null, '1', '1', '2', '2015-07-15 01:36:48', '2', '2015-07-16 00:35:46', null, null, '0', '0'), ('6', 'KOMORI2', null, null, null, null, null, null, null, null, null, null, null, null, '0', '0', '0', null, null, null, null, null, null, '1', '1', '2', '2015-07-16 00:02:36', null, null, '2', '2015-07-16 00:02:42', '1', '0');
COMMIT;

-- ----------------------------
--  Table structure for `TBL_FOURNISSEUR_TYPE`
-- ----------------------------
DROP TABLE IF EXISTS `TBL_FOURNISSEUR_TYPE`;
CREATE TABLE `TBL_FOURNISSEUR_TYPE` (
  `IDFournisseurType` int(11) NOT NULL AUTO_INCREMENT,
  `IDSociete` int(11) DEFAULT NULL,
  `Ordre` int(11) NOT NULL DEFAULT '99',
  `EstActif` int(1) DEFAULT '1',
  `IDMembreAdd` int(11) DEFAULT NULL,
  `DateAdd` datetime DEFAULT NULL,
  `IDMembreMaj` int(11) DEFAULT NULL,
  `DateMaj` datetime DEFAULT NULL,
  `IDMembreSupp` int(11) DEFAULT NULL,
  `DateSupp` datetime DEFAULT NULL,
  `EstSupp` int(1) NOT NULL DEFAULT '0',
  `EstProtected` int(1) NOT NULL DEFAULT '0',
  PRIMARY KEY (`IDFournisseurType`)
) ENGINE=InnoDB AUTO_INCREMENT=5 DEFAULT CHARSET=latin1 ROW_FORMAT=COMPACT;

-- ----------------------------
--  Records of `TBL_FOURNISSEUR_TYPE`
-- ----------------------------
BEGIN;
INSERT INTO `TBL_FOURNISSEUR_TYPE` VALUES ('1', '1', '1', '1', '2', '2015-07-12 23:48:04', null, null, null, null, '0', '0'), ('2', '1', '1', '1', '2', '2015-07-12 23:48:04', null, null, null, null, '0', '0'), ('3', '1', '1', '1', '2', '2015-07-12 23:48:04', null, null, null, null, '0', '0'), ('4', '1', '1', '1', '2', '2015-07-12 23:48:04', null, null, null, null, '0', '0');
COMMIT;

-- ----------------------------
--  Table structure for `TBL_FOURNISSEUR_TYPE_TRAD`
-- ----------------------------
DROP TABLE IF EXISTS `TBL_FOURNISSEUR_TYPE_TRAD`;
CREATE TABLE `TBL_FOURNISSEUR_TYPE_TRAD` (
  `IDFournisseurType` int(11) NOT NULL,
  `Nom` varchar(255) DEFAULT NULL,
  `IDLangue` int(4) NOT NULL DEFAULT '1'
) ENGINE=InnoDB DEFAULT CHARSET=latin1 ROW_FORMAT=COMPACT;

-- ----------------------------
--  Records of `TBL_FOURNISSEUR_TYPE_TRAD`
-- ----------------------------
BEGIN;
INSERT INTO `TBL_FOURNISSEUR_TYPE_TRAD` VALUES ('1', 'Monopole', '1'), ('2', 'Imposé', '1'), ('3', 'Détient savoir', '1'), ('4', 'Choix libre', '1');
COMMIT;

-- ----------------------------
--  Table structure for `TBL_GROUPE`
-- ----------------------------
DROP TABLE IF EXISTS `TBL_GROUPE`;
CREATE TABLE `TBL_GROUPE` (
  `IDGroupe` int(11) NOT NULL AUTO_INCREMENT,
  `IDSociete` int(11) DEFAULT NULL,
  `Ordre` int(11) NOT NULL DEFAULT '99',
  `EstActif` int(1) NOT NULL DEFAULT '1',
  `IDMembreAdd` int(11) DEFAULT NULL,
  `DateAdd` datetime DEFAULT NULL,
  `IDMembreMaj` int(11) DEFAULT NULL,
  `DateMaj` datetime DEFAULT NULL,
  `IDMembreSupp` int(11) DEFAULT NULL,
  `DateSupp` datetime DEFAULT NULL,
  `EstSupp` int(1) NOT NULL DEFAULT '0',
  `EstProtected` int(1) NOT NULL DEFAULT '0',
  PRIMARY KEY (`IDGroupe`)
) ENGINE=InnoDB AUTO_INCREMENT=6 DEFAULT CHARSET=latin1 ROW_FORMAT=COMPACT;

-- ----------------------------
--  Records of `TBL_GROUPE`
-- ----------------------------
BEGIN;
INSERT INTO `TBL_GROUPE` VALUES ('1', '1', '1', '1', '2', '2015-05-21 14:59:02', null, null, null, null, '0', '0'), ('2', '1', '2', '1', '2', '2015-05-21 15:04:11', '2', '2015-05-21 15:06:17', null, null, '0', '0'), ('3', '1', '3', '1', '2', '2015-05-21 15:06:07', '2', '2015-05-21 15:06:24', null, null, '0', '0'), ('4', '3', '1', '1', '1', '2015-05-26 00:50:46', '1', '2015-05-26 00:57:13', null, null, '0', '0'), ('5', '1', '4', '1', '2', '2015-06-24 11:06:14', null, null, '2', '2015-07-02 22:44:03', '1', '0');
COMMIT;

-- ----------------------------
--  Table structure for `TBL_GROUPE_PT_MENU`
-- ----------------------------
DROP TABLE IF EXISTS `TBL_GROUPE_PT_MENU`;
CREATE TABLE `TBL_GROUPE_PT_MENU` (
  `IDGroupe_pt_menu` int(11) NOT NULL AUTO_INCREMENT,
  `IDGroupe` int(11) DEFAULT NULL,
  `IDMenu` int(11) DEFAULT NULL,
  `Permit` int(1) NOT NULL DEFAULT '1',
  `IDMembreAdd` int(11) DEFAULT NULL,
  `DateAdd` datetime DEFAULT NULL,
  `IDMembreMaj` int(11) DEFAULT NULL,
  `DateMaj` datetime DEFAULT NULL,
  `IDMembreSupp` int(11) DEFAULT NULL,
  `DateSupp` datetime DEFAULT NULL,
  `EstSupp` int(1) NOT NULL DEFAULT '0',
  `EstProtected` int(1) NOT NULL DEFAULT '0',
  PRIMARY KEY (`IDGroupe_pt_menu`)
) ENGINE=InnoDB AUTO_INCREMENT=5 DEFAULT CHARSET=latin1 ROW_FORMAT=COMPACT;

-- ----------------------------
--  Records of `TBL_GROUPE_PT_MENU`
-- ----------------------------
BEGIN;
INSERT INTO `TBL_GROUPE_PT_MENU` VALUES ('1', '1', '1', '1', '1', '2015-04-19 20:10:03', '1', '2015-04-20 23:02:56', null, null, '0', '0'), ('2', '1', '2', '1', '1', '2015-04-20 23:09:00', null, null, null, null, '0', '0'), ('3', '2', '1', '1', '1', '2015-04-20 23:09:14', '1', '2015-04-22 23:34:45', null, null, '0', '0'), ('4', '2', '2', '0', '1', '2015-04-21 10:20:38', '1', '2015-04-21 10:20:58', '1', '2015-04-21 10:21:04', '1', '0');
COMMIT;

-- ----------------------------
--  Table structure for `TBL_GROUPE_TL_FONCTION`
-- ----------------------------
DROP TABLE IF EXISTS `TBL_GROUPE_TL_FONCTION`;
CREATE TABLE `TBL_GROUPE_TL_FONCTION` (
  `IDGroupe_tl_fonction` int(11) NOT NULL AUTO_INCREMENT,
  `IDGroupe` int(11) DEFAULT NULL,
  `IDFonction` int(11) DEFAULT NULL,
  `IDMembeAdd` int(11) DEFAULT NULL,
  `DateAdd` datetime DEFAULT NULL,
  `IDMembreMaj` int(11) DEFAULT NULL,
  `DateMaj` datetime DEFAULT NULL,
  `IDMembreSupp` int(11) DEFAULT NULL,
  `DateSupp` datetime DEFAULT NULL,
  `EstSupp` int(1) NOT NULL DEFAULT '0',
  `EstProtected` int(1) NOT NULL DEFAULT '0',
  PRIMARY KEY (`IDGroupe_tl_fonction`)
) ENGINE=InnoDB AUTO_INCREMENT=9 DEFAULT CHARSET=latin1 ROW_FORMAT=COMPACT;

-- ----------------------------
--  Records of `TBL_GROUPE_TL_FONCTION`
-- ----------------------------
BEGIN;
INSERT INTO `TBL_GROUPE_TL_FONCTION` VALUES ('1', '1', '1', '2', '2015-05-21 14:59:28', null, null, null, null, '0', '0'), ('2', '2', '2', '2', '2015-05-21 15:12:05', null, null, null, null, '0', '0'), ('3', '2', '5', '2', '2015-05-21 15:12:09', null, null, null, null, '0', '0'), ('4', '3', '3', '2', '2015-05-21 15:12:13', null, null, null, null, '0', '0'), ('5', '3', '4', '2', '2015-05-21 15:12:14', null, null, null, null, '0', '0'), ('6', '4', '6', '1', '2015-05-26 00:57:30', null, null, null, null, '0', '0'), ('7', '5', '7', '2', '2015-06-24 11:07:14', null, null, null, null, '0', '0'), ('8', '5', '8', '2', '2015-06-24 11:07:15', null, null, null, null, '0', '0');
COMMIT;

-- ----------------------------
--  Table structure for `TBL_GROUPE_TL_MENU`
-- ----------------------------
DROP TABLE IF EXISTS `TBL_GROUPE_TL_MENU`;
CREATE TABLE `TBL_GROUPE_TL_MENU` (
  `IDGroupe_tl_menu` int(11) NOT NULL AUTO_INCREMENT,
  `IDGroupe` int(11) DEFAULT NULL,
  `IDMenu` int(11) DEFAULT NULL,
  `IDMembreAdd` int(11) DEFAULT NULL,
  `DateAdd` datetime DEFAULT NULL,
  `IDMembreMaj` int(11) DEFAULT NULL,
  `DateMaj` datetime DEFAULT NULL,
  `IDMembreSupp` int(11) DEFAULT NULL,
  `DateSupp` datetime DEFAULT NULL,
  `EstSupp` int(1) NOT NULL DEFAULT '0',
  `EstProtected` int(1) NOT NULL DEFAULT '0',
  PRIMARY KEY (`IDGroupe_tl_menu`)
) ENGINE=InnoDB AUTO_INCREMENT=15 DEFAULT CHARSET=latin1 ROW_FORMAT=COMPACT;

-- ----------------------------
--  Records of `TBL_GROUPE_TL_MENU`
-- ----------------------------
BEGIN;
INSERT INTO `TBL_GROUPE_TL_MENU` VALUES ('1', '1', '1', '2', '2015-05-21 15:12:26', null, null, '2', '2015-06-24 11:17:55', '1', '0'), ('2', '1', '3', '2', '2015-05-21 15:12:27', null, null, '2', '2015-06-24 11:17:56', '1', '0'), ('3', '1', '2', '2', '2015-05-21 15:12:29', null, null, '2', '2015-06-24 11:17:57', '1', '0'), ('4', '2', '3', '2', '2015-05-21 15:12:34', null, null, null, null, '0', '0'), ('5', '2', '2', '2', '2015-05-21 15:12:35', null, null, null, null, '0', '0'), ('6', '3', '2', '2', '2015-05-21 15:12:39', null, null, null, null, '0', '0'), ('7', '4', '4', '1', '2015-05-26 00:57:36', null, null, null, null, '0', '0'), ('8', '5', '1', '2', '2015-06-24 11:07:26', null, null, null, null, '0', '0'), ('9', '5', '3', '2', '2015-06-24 11:07:28', null, null, '2', '2015-06-24 11:07:30', '1', '0'), ('10', '5', '2', '2', '2015-06-24 11:07:29', null, null, null, null, '0', '0'), ('11', '1', '5', '2', '2015-06-24 11:17:52', null, null, '2', '2015-06-24 11:18:18', '1', '0'), ('12', '1', '1', '2', '2015-06-24 11:18:19', null, null, null, null, '0', '0'), ('13', '1', '3', '2', '2015-06-24 11:18:20', null, null, null, null, '0', '0'), ('14', '1', '2', '2', '2015-06-24 11:18:20', null, null, null, null, '0', '0');
COMMIT;

-- ----------------------------
--  Table structure for `TBL_GROUPE_TRAD`
-- ----------------------------
DROP TABLE IF EXISTS `TBL_GROUPE_TRAD`;
CREATE TABLE `TBL_GROUPE_TRAD` (
  `IDGroupe` int(11) NOT NULL,
  `Nom` varchar(255) DEFAULT NULL,
  `IDLangue` int(4) NOT NULL DEFAULT '1'
) ENGINE=InnoDB DEFAULT CHARSET=latin1 ROW_FORMAT=COMPACT;

-- ----------------------------
--  Records of `TBL_GROUPE_TRAD`
-- ----------------------------
BEGIN;
INSERT INTO `TBL_GROUPE_TRAD` VALUES ('1', 'Administrateurs', '1'), ('2', 'Utilisateurs', '1'), ('3', 'Opérateurs', '1'), ('4', 'Admin', '1'), ('5', 'Workshop', '1');
COMMIT;

-- ----------------------------
--  Table structure for `TBL_IMPRESSION`
-- ----------------------------
DROP TABLE IF EXISTS `TBL_IMPRESSION`;
CREATE TABLE `TBL_IMPRESSION` (
  `IDImpression` int(11) NOT NULL AUTO_INCREMENT,
  `IDSociete` int(11) DEFAULT NULL,
  `NbCalage` int(11) DEFAULT NULL,
  `NbTour` int(11) DEFAULT NULL,
  `Ordre` int(11) NOT NULL DEFAULT '99',
  `EstActif` int(1) NOT NULL DEFAULT '1',
  `IDMembreAdd` int(11) DEFAULT NULL,
  `DateAdd` datetime DEFAULT NULL,
  `IDMembreMaj` int(11) DEFAULT NULL,
  `DateMaj` datetime DEFAULT NULL,
  `IDMembreSupp` int(11) DEFAULT NULL,
  `DateSupp` datetime DEFAULT NULL,
  `EstSupp` int(1) NOT NULL DEFAULT '0',
  `EstProtected` int(1) NOT NULL DEFAULT '0',
  PRIMARY KEY (`IDImpression`)
) ENGINE=InnoDB AUTO_INCREMENT=24 DEFAULT CHARSET=latin1 ROW_FORMAT=COMPACT;

-- ----------------------------
--  Records of `TBL_IMPRESSION`
-- ----------------------------
BEGIN;
INSERT INTO `TBL_IMPRESSION` VALUES ('1', '1', '2', '2', '1', '1', '2', '2015-05-21 15:09:21', '2', '2015-06-22 23:01:18', null, null, '0', '0'), ('2', '1', '1', '2', '2', '1', '2', '2015-05-21 15:09:29', '2', '2015-06-22 23:00:15', null, null, '0', '0'), ('3', '1', '1', '2', '3', '1', '2', '2015-05-21 15:09:39', null, null, null, null, '0', '0'), ('4', '1', '1', '1', '4', '1', '2', '2015-05-21 15:09:51', null, null, null, null, '0', '0'), ('5', '1', '1', '1', '5', '1', '2', '2015-05-21 15:09:51', null, null, null, null, '0', '0'), ('6', '1', '1', '1', '6', '1', '2', '2015-05-21 15:09:51', '2', '2015-06-22 22:53:28', null, null, '0', '0'), ('7', '1', '1', '1', '12', '1', '2', '2015-06-16 10:11:05', '2', '2015-06-17 19:07:43', null, null, '0', '0'), ('8', '1', '1', '1', '41', '1', '2', '2015-06-17 19:06:23', '2', '2015-06-18 00:02:25', null, null, '0', '0'), ('9', '1', '1', '1', '42', '1', '2', '2015-06-17 19:06:36', '2', '2015-06-18 00:02:35', null, null, '0', '0'), ('10', '1', '1', '1', '11', '1', '2', '2015-06-17 19:06:52', '2', '2015-06-17 19:07:34', null, null, '0', '0'), ('11', '1', '2', '2', '21', '1', '2', '2015-06-17 19:07:14', '2', '2015-07-02 00:10:15', null, null, '0', '0'), ('12', '1', '1', '1', '22', '1', '2', '2015-06-17 19:07:23', '2', '2015-07-02 00:10:22', null, null, '0', '0'), ('13', '1', '4', '1', '31', '1', '2', '2015-06-18 00:00:43', '2', '2015-06-25 00:56:02', null, null, '0', '0'), ('14', '1', '8', '1', '32', '1', '2', '2015-06-18 00:00:58', '2', '2015-06-25 00:56:06', null, null, '0', '0'), ('15', '1', '1', '1', '43', '1', '2', '2015-06-18 00:02:47', '2', '2015-07-02 22:46:05', null, null, '0', '0'), ('16', '1', '1', '1', '15', '1', '2', '2015-06-22 17:07:19', '2', '2015-06-22 22:50:54', null, null, '0', '0'), ('17', '1', '1', '1', '16', '1', '2', '2015-06-22 17:07:31', '2', '2015-06-22 22:51:03', null, null, '0', '0'), ('18', '1', '1', '1', '13', '1', '2', '2015-06-22 22:50:10', '2', '2015-06-22 22:50:23', null, null, '0', '0'), ('19', '1', '1', '1', '14', '1', '2', '2015-06-22 22:50:39', null, null, null, null, '0', '0'), ('20', '1', '1', '1', '44', '1', '2', '2015-06-22 23:21:34', null, null, null, null, '0', '0'), ('21', '1', '1', '1', '1', '1', '2', '2015-06-24 11:16:35', '2', '2015-07-02 22:45:58', null, null, '0', '0'), ('22', '1', '1', '17', '1', '1', '2', '2015-07-03 02:06:43', null, null, null, null, '0', '0'), ('23', '1', '1', '1', '61', '1', '1', '2015-07-09 00:23:03', null, null, null, null, '0', '0');
COMMIT;

-- ----------------------------
--  Table structure for `TBL_IMPRESSION_TRAD`
-- ----------------------------
DROP TABLE IF EXISTS `TBL_IMPRESSION_TRAD`;
CREATE TABLE `TBL_IMPRESSION_TRAD` (
  `IDImpression` int(11) NOT NULL,
  `Nom` varchar(255) DEFAULT NULL,
  `IDLangue` int(11) DEFAULT '1'
) ENGINE=InnoDB DEFAULT CHARSET=utf8 ROW_FORMAT=COMPACT;

-- ----------------------------
--  Records of `TBL_IMPRESSION_TRAD`
-- ----------------------------
BEGIN;
INSERT INTO `TBL_IMPRESSION_TRAD` VALUES ('1', 'R+V', '1'), ('2', 'IN8', '1'), ('3', 'IN12', '1'), ('4', 'R seul', '1'), ('5', 'V seul', '1'), ('6', 'Retiration', '1'), ('7', '8p ', '1'), ('8', 'Amalgame', '1'), ('9', 'Blumer', '1'), ('10', '4p ', '1'), ('11', '72M-RV', '1'), ('12', '74M-R', '1'), ('13', '4 plaques', '1'), ('14', '8 plaques', '1'), ('15', 'Cahier', '1'), ('16', '8p-1', '1'), ('17', '8p-2', '1'), ('18', '4p-1', '1'), ('19', '4p-2', '1'), ('20', 'Affiche', '1'), ('21', 'Brillant', '1'), ('22', '16p', '1'), ('23', 'Etiquette', '1');
COMMIT;

-- ----------------------------
--  Table structure for `TBL_LANGUE`
-- ----------------------------
DROP TABLE IF EXISTS `TBL_LANGUE`;
CREATE TABLE `TBL_LANGUE` (
  `IDLangue` int(11) NOT NULL AUTO_INCREMENT,
  `Nom` varchar(255) DEFAULT NULL,
  `CodeBCP` varchar(255) DEFAULT NULL,
  `EstActif` int(1) DEFAULT '0',
  `IDMembreAdd` int(11) DEFAULT NULL,
  `DateAdd` datetime DEFAULT NULL,
  `IDMembreMaj` int(11) DEFAULT NULL,
  `DateMaj` datetime DEFAULT NULL,
  `IDMembreSupp` int(11) DEFAULT NULL,
  `DateSupp` datetime DEFAULT NULL,
  `EstSupp` int(1) NOT NULL DEFAULT '0',
  `EstProtected` int(1) NOT NULL DEFAULT '0',
  PRIMARY KEY (`IDLangue`)
) ENGINE=InnoDB AUTO_INCREMENT=2 DEFAULT CHARSET=latin1 ROW_FORMAT=COMPACT;

-- ----------------------------
--  Records of `TBL_LANGUE`
-- ----------------------------
BEGIN;
INSERT INTO `TBL_LANGUE` VALUES ('1', 'Fancais', 'fr_FR', '1', '1', '2015-05-21 14:54:57', null, null, null, null, '0', '1');
COMMIT;

-- ----------------------------
--  Table structure for `TBL_MACHINE`
-- ----------------------------
DROP TABLE IF EXISTS `TBL_MACHINE`;
CREATE TABLE `TBL_MACHINE` (
  `IDMachine` int(11) NOT NULL AUTO_INCREMENT,
  `CalageMin` int(11) NOT NULL DEFAULT '0',
  `CalageFeuilles` int(11) NOT NULL DEFAULT '0',
  `GachePour1000Feuilles` int(11) NOT NULL DEFAULT '0',
  `CadenceTourMin` int(11) NOT NULL DEFAULT '0',
  `2passages` int(1) NOT NULL DEFAULT '0',
  `IDSecteur` int(11) DEFAULT NULL,
  `IDSociete` int(11) DEFAULT NULL,
  `Ordre` int(11) NOT NULL DEFAULT '99',
  `EstActif` int(1) NOT NULL DEFAULT '1',
  `IDMembreAdd` int(11) DEFAULT NULL,
  `DateAdd` datetime DEFAULT NULL,
  `IDMembreMaj` int(11) DEFAULT NULL,
  `DateMaj` datetime DEFAULT NULL,
  `IDMembreSupp` int(11) DEFAULT NULL,
  `DateSupp` datetime DEFAULT NULL,
  `EstSupp` int(1) NOT NULL DEFAULT '0',
  `EstProtected` int(1) NOT NULL DEFAULT '0',
  PRIMARY KEY (`IDMachine`)
) ENGINE=InnoDB AUTO_INCREMENT=15 DEFAULT CHARSET=latin1 ROW_FORMAT=COMPACT;

-- ----------------------------
--  Records of `TBL_MACHINE`
-- ----------------------------
BEGIN;
INSERT INTO `TBL_MACHINE` VALUES ('1', '5', '50', '50', '18000', '1', '2', '1', '21', '1', '2', '2015-05-21 15:22:29', '15', '2015-07-01 12:06:06', null, null, '0', '0'), ('2', '0', '0', '0', '0', '0', '1', '1', '11', '1', '2', '2015-05-22 15:51:44', '15', '2015-07-01 09:56:27', null, null, '0', '0'), ('3', '0', '0', '0', '0', '0', '3', '1', '31', '1', '2', '2015-05-22 15:53:02', '2', '2015-06-24 23:59:22', null, null, '0', '0'), ('4', '5', '10', '100', '10000', '0', '2', '1', '22', '1', '2', '2015-05-22 15:53:59', '2', '2015-06-24 23:59:11', null, null, '0', '0'), ('5', '1', '1', '1', '1', '0', '3', '1', '1', '1', '2', '2015-05-22 15:56:36', null, null, '2', '2015-05-22 15:56:41', '1', '0'), ('6', '0', '0', '1', '1', '0', '2', '1', '1', '0', '2', '2015-05-23 16:13:04', null, null, '2', '2015-05-25 01:28:13', '1', '0'), ('7', '3', '10', '10', '10000', '1', '4', '1', '41', '1', '2', '2015-05-23 16:14:30', '2', '2015-07-02 00:17:03', null, null, '0', '0'), ('8', '1', '1', '1', '1', '0', '5', '3', '1', '1', '1', '2015-05-26 00:51:48', null, null, null, null, '0', '0'), ('9', '15', '150', '60', '10000', '0', '6', '1', '51', '1', '2', '2015-06-05 01:17:47', '2', '2015-07-02 09:56:37', null, null, '0', '0'), ('10', '10', '100', '80', '15000', '1', '2', '1', '23', '1', '2', '2015-06-24 11:02:25', '15', '2015-07-01 12:06:19', null, null, '0', '0'), ('11', '5', '100', '100', '10000', '1', '4', '1', '42', '1', '2', '2015-06-24 23:49:52', '2', '2015-07-02 00:28:21', null, null, '0', '0'), ('12', '5', '100', '100', '10000', '1', '2', '1', '24', '1', '2', '2015-06-24 23:54:37', '2', '2015-07-02 00:28:10', null, null, '0', '0'), ('13', '10', '100', '50', '12500', '1', '6', '1', '52', '1', '2', '2015-06-24 23:58:21', '2', '2015-07-03 02:27:29', null, null, '0', '0'), ('14', '0', '0', '0', '0', '0', '7', '1', '61', '1', '1', '2015-07-09 00:21:40', null, null, null, null, '0', '0');
COMMIT;

-- ----------------------------
--  Table structure for `TBL_MACHINE_TRAD`
-- ----------------------------
DROP TABLE IF EXISTS `TBL_MACHINE_TRAD`;
CREATE TABLE `TBL_MACHINE_TRAD` (
  `IDMachine` int(11) NOT NULL,
  `Nom` varchar(255) DEFAULT NULL,
  `IDLangue` int(4) NOT NULL DEFAULT '1'
) ENGINE=InnoDB DEFAULT CHARSET=latin1 ROW_FORMAT=COMPACT;

-- ----------------------------
--  Records of `TBL_MACHINE_TRAD`
-- ----------------------------
BEGIN;
INSERT INTO `TBL_MACHINE_TRAD` VALUES ('1', 'XL 75', '1'), ('2', 'CTP', '1'), ('3', 'Polar 78', '1'), ('4', 'LS 429', '1'), ('5', 'test delete', '1'), ('6', 'machine supprimer', '1'), ('7', 'Pell 74', '1'), ('8', 'mamachine', '1'), ('9', 'Stah', '1'), ('10', 'KBA R8', '1'), ('11', 'Pell 102', '1'), ('12', 'KBA R4', '1'), ('13', 'Stah-2', '1'), ('14', 'Zebra', '1');
COMMIT;

-- ----------------------------
--  Table structure for `TBL_MEMBRE`
-- ----------------------------
DROP TABLE IF EXISTS `TBL_MEMBRE`;
CREATE TABLE `TBL_MEMBRE` (
  `IDMembre` int(11) NOT NULL AUTO_INCREMENT,
  `Nom` varchar(255) CHARACTER SET latin1 DEFAULT NULL,
  `Prenom` varchar(255) CHARACTER SET latin1 DEFAULT NULL,
  `Login` varchar(255) DEFAULT NULL,
  `Mail` varchar(255) DEFAULT NULL,
  `Telephone` varchar(14) DEFAULT NULL,
  `Pwd` varchar(255) CHARACTER SET latin1 DEFAULT NULL,
  `IDFonction` int(11) DEFAULT '1',
  `IDSociete` int(11) DEFAULT NULL,
  `IDLangue` int(11) DEFAULT '1',
  `EstSu` int(1) NOT NULL DEFAULT '0',
  `EstActif` int(1) NOT NULL DEFAULT '1',
  `IDMembreAdd` int(11) DEFAULT NULL,
  `DateAdd` datetime DEFAULT NULL,
  `IDMembreMaj` int(11) DEFAULT NULL,
  `DateMaj` datetime DEFAULT NULL,
  `IDMembreSupp` int(11) DEFAULT NULL,
  `DateSupp` datetime DEFAULT NULL,
  `EstSupp` int(1) NOT NULL DEFAULT '0',
  `EstProtected` int(1) NOT NULL DEFAULT '0',
  PRIMARY KEY (`IDMembre`)
) ENGINE=InnoDB AUTO_INCREMENT=18 DEFAULT CHARSET=utf8 ROW_FORMAT=COMPACT;

-- ----------------------------
--  Records of `TBL_MEMBRE`
-- ----------------------------
BEGIN;
INSERT INTO `TBL_MEMBRE` VALUES ('1', 'ROOT', 'SU ', 'blond', 'moi@me.com', '06.22.20.60.02', '@@@', '1', '1', '1', '1', '1', '1', '2015-04-20 01:20:53', '1', '2015-06-14 17:44:08', null, null, '0', '1'), ('2', 'Doe', 'Florian', 'tintin', 'mail@me.fr', '04.67.59.02.32', '@@@', '1', '1', '1', '0', '1', '1', '2015-05-21 14:46:21', '2', '2015-07-02 23:57:28', null, null, '0', '0'), ('3', 'March', 'Stan', 'moi', 'mail@me.fr', '04.67.59.02.34', 'toi', '5', '1', '1', '0', '1', '2', '2015-05-24 23:41:12', '2', '2015-06-22 18:05:32', null, null, '0', '0'), ('4', 'Cartman', 'Eric', 'man', 'mail@me.fr', '04.67.59.02.34', '123', '3', '1', '1', '0', '1', '2', '2015-05-24 23:45:40', '2', '2015-06-22 18:05:24', null, null, '0', '0'), ('5', 'McCormik', 'Kenny', 'kenny', 'moi@me.com', '04.67.59.02.34', 'moi', '6', '3', '1', '0', '1', '1', '2015-05-26 00:50:07', '1', '2015-06-14 17:44:12', null, null, '0', '0'), ('6', 'Mc Cormik', 'Kenny', 'kenny', 'mail@me.fr', '04.67.59.02.34', '@@@', '2', '1', '1', '0', '1', '2', '2015-06-07 17:40:06', '2', '2015-06-22 18:05:35', null, null, '0', '0'), ('7', 'Brokoski', 'Florian', 'kyle', 'mail@me.fr', '04.67.59.02.34', '32145', '4', '1', '1', '0', '1', '2', '2015-06-07 17:40:59', '2', '2015-07-02 23:59:47', null, null, '0', '0'), ('8', 'Reader', 'QRcode', 'reader', 'mail@me.fr', '04.67.59.02.34', 'qrcode', '1', '1', '1', '0', '1', '2', '2015-06-12 19:00:28', '2', '2015-06-12 19:00:46', '2', '2015-06-12 19:01:02', '1', '0'), ('9', 'Dupont', 'Martin', 'martin', 'mail@me.fr', '04.67.59.02.34', '@@@', '1', '1', '1', '0', '1', '2', '2015-06-14 16:43:34', null, null, '2', '2015-06-14 16:46:26', '1', '0'), ('10', 'Duran', 'francois', '&&&', 'mail@me.fr', '04.67.59.02.34', '@@@', '2', '1', '1', '0', '1', '2', '2015-06-14 16:44:36', null, null, '2', '2015-06-14 16:46:26', '1', '0'), ('11', 'Durand', 'Martin', 'mom', 'mail@me.fr', '04.67.59.02.34', '@@@', '1', '1', '1', '0', '0', '2', '2015-06-14 16:47:24', null, null, '1', '2015-06-14 17:29:52', '1', '0'), ('12', 'Dupond', 'Mario', 'mario', 'mail@e.de', '04.67.59.02.34', '111', '1', '1', '1', '0', '1', '2', '2015-06-14 16:50:57', null, null, '1', '2015-06-14 17:29:52', '1', '0'), ('13', 'QRcode', 'text', 'qrcode', 'mail@me.fr', '04.67.59.02.34', '@@@', '1', '1', '1', '0', '1', '2', '2015-06-14 17:30:37', '1', '2015-06-14 17:43:55', '1', '2015-06-14 17:44:01', '1', '0'), ('14', 'May', 'James', 'james', 'mail@me.fr', '04.67.59.02.34', 'james', '5', '1', '1', '0', '1', '2', '2015-06-24 23:46:04', '2', '2015-06-25 10:43:23', null, null, '0', '0'), ('15', 'SCHLOUPT', 'Bastien', 'bastien', 'mail@me.fr', '04.67.59.02.34', 'tintin', '1', '1', '1', '0', '1', '2', '2015-06-29 11:14:41', '2', '2015-07-02 23:57:10', null, null, '0', '0'), ('16', 'Hamond', 'Richard', 'tope', 'mail@me.fr', '04.67.59.02.34', 'gears', '1', '1', '1', '0', '1', '15', '2015-07-02 10:40:54', '2', '2015-07-03 00:00:09', null, null, '0', '0'), ('17', 'Mat', 'Auto', 'auto', 'mail@me.fr', '04.67.59.02.34', 'mat', '1', '1', '1', '0', '1', '2', '2015-07-16 02:27:08', null, null, null, null, '0', '0');
COMMIT;

-- ----------------------------
--  Table structure for `TBL_MEMBRE_ROW_PAGE`
-- ----------------------------
DROP TABLE IF EXISTS `TBL_MEMBRE_ROW_PAGE`;
CREATE TABLE `TBL_MEMBRE_ROW_PAGE` (
  `IDMembre` int(11) DEFAULT NULL,
  `IDPage` int(11) DEFAULT NULL,
  `NbRow` int(11) NOT NULL DEFAULT '10',
  `EstProtected` int(1) NOT NULL DEFAULT '0',
  KEY `IDMembre` (`IDMembre`),
  CONSTRAINT `tbl_membre_row_page_ibfk_2` FOREIGN KEY (`IDMembre`) REFERENCES `MEMBRE` (`IDMembre`) ON DELETE SET NULL ON UPDATE SET NULL
) ENGINE=InnoDB DEFAULT CHARSET=latin1 ROW_FORMAT=COMPACT;

-- ----------------------------
--  Table structure for `TBL_MENU`
-- ----------------------------
DROP TABLE IF EXISTS `TBL_MENU`;
CREATE TABLE `TBL_MENU` (
  `IDMenu` int(11) NOT NULL AUTO_INCREMENT,
  `IDSociete` int(11) DEFAULT NULL,
  `Ordre` int(11) NOT NULL DEFAULT '99',
  `EstActif` int(1) NOT NULL DEFAULT '1',
  `IDMembreAdd` int(11) DEFAULT NULL,
  `DateAdd` datetime DEFAULT NULL,
  `IDMembreMaj` int(11) DEFAULT NULL,
  `DateMaj` datetime DEFAULT NULL,
  `IDMembreSupp` int(11) DEFAULT NULL,
  `DateSupp` datetime DEFAULT NULL,
  `EstSupp` int(1) NOT NULL DEFAULT '0',
  `EstProtected` int(1) NOT NULL DEFAULT '0',
  PRIMARY KEY (`IDMenu`)
) ENGINE=InnoDB AUTO_INCREMENT=9 DEFAULT CHARSET=latin1 ROW_FORMAT=COMPACT;

-- ----------------------------
--  Records of `TBL_MENU`
-- ----------------------------
BEGIN;
INSERT INTO `TBL_MENU` VALUES ('1', '1', '1', '1', '2', '2015-05-21 14:59:53', null, null, '2', '2015-06-24 22:31:14', '0', '0'), ('2', '1', '3', '1', '2', '2015-05-21 15:00:05', null, null, null, null, '0', '0'), ('3', '1', '2', '1', '2', '2015-05-21 15:00:13', null, null, null, null, '0', '0'), ('4', '3', '1', '1', '1', '2015-05-26 00:50:32', null, null, null, null, '0', '0'), ('5', '1', '1', '1', '2', '2015-06-24 11:17:14', null, null, '2', '2015-07-02 22:43:55', '1', '0'), ('6', '1', '1', '1', '2', '2015-06-24 22:31:21', null, null, '2', '2015-06-24 22:32:09', '1', '0'), ('7', '1', '1', '1', '2', '2015-06-24 22:32:04', null, null, '2', '2015-06-24 22:32:09', '1', '0'), ('8', '1', '1', '1', '16', '2015-07-02 14:52:16', null, null, '2', '2015-07-02 22:43:55', '1', '0');
COMMIT;

-- ----------------------------
--  Table structure for `TBL_MENU_TL_PAGE`
-- ----------------------------
DROP TABLE IF EXISTS `TBL_MENU_TL_PAGE`;
CREATE TABLE `TBL_MENU_TL_PAGE` (
  `IDMenu_tl_page` int(11) NOT NULL AUTO_INCREMENT,
  `IDMenu` int(11) DEFAULT NULL,
  `IDPage` int(11) DEFAULT NULL,
  `IDMembreAdd` int(11) DEFAULT NULL,
  `DateAdd` datetime DEFAULT NULL,
  `IDMembreMaj` int(11) DEFAULT NULL,
  `DateMaj` datetime DEFAULT NULL,
  `IDMembreSupp` int(11) DEFAULT NULL,
  `DateSupp` datetime DEFAULT NULL,
  `EstSupp` int(1) NOT NULL DEFAULT '0',
  `EstProtected` int(1) NOT NULL DEFAULT '0',
  PRIMARY KEY (`IDMenu_tl_page`)
) ENGINE=InnoDB AUTO_INCREMENT=36 DEFAULT CHARSET=latin1 ROW_FORMAT=COMPACT;

-- ----------------------------
--  Records of `TBL_MENU_TL_PAGE`
-- ----------------------------
BEGIN;
INSERT INTO `TBL_MENU_TL_PAGE` VALUES ('1', '1', '1', '2', '2015-05-21 15:11:50', null, null, null, null, '0', '0'), ('2', '1', '2', '2', '2015-05-21 15:11:51', null, null, null, null, '0', '0'), ('3', '1', '4', '2', '2015-05-21 15:11:52', null, null, '2', '2015-05-21 15:14:09', '1', '0'), ('4', '1', '3', '2', '2015-05-21 15:11:54', null, null, '2', '2015-05-21 15:14:10', '1', '0'), ('5', '1', '5', '2', '2015-05-21 15:11:55', null, null, '2', '2015-05-21 15:14:11', '1', '0'), ('6', '3', '4', '2', '2015-05-21 15:14:14', null, null, '1', '2015-05-22 15:46:38', '1', '0'), ('7', '3', '5', '2', '2015-05-21 15:14:16', null, null, '2', '2015-06-15 20:38:14', '1', '0'), ('8', '2', '3', '2', '2015-05-21 15:14:20', null, null, '2', '2015-06-15 20:38:30', '1', '0'), ('9', '2', '4', '1', '2015-05-22 15:46:41', null, null, '2', '2015-06-15 20:38:29', '1', '0'), ('10', '3', '6', '2', '2015-05-25 18:43:00', null, null, null, null, '0', '0'), ('11', '4', '13', '1', '2015-05-26 01:03:59', null, null, null, null, '0', '0'), ('12', '4', '14', '1', '2015-05-26 01:04:00', null, null, null, null, '0', '0'), ('13', '4', '15', '1', '2015-05-26 01:04:01', null, null, null, null, '0', '0'), ('14', '4', '16', '1', '2015-05-26 01:04:02', null, null, null, null, '0', '0'), ('15', '4', '17', '1', '2015-05-26 01:04:03', null, null, null, null, '0', '0'), ('16', '4', '18', '1', '2015-05-26 01:04:04', null, null, null, null, '0', '0'), ('17', '3', '19', '2', '2015-06-05 17:34:29', null, null, null, null, '0', '0'), ('18', '1', '3', '2', '2015-06-15 20:37:57', null, null, null, null, '0', '0'), ('19', '3', '8', '2', '2015-06-15 20:38:08', null, null, null, null, '0', '0'), ('20', '3', '7', '2', '2015-06-15 20:38:16', null, null, null, null, '0', '0'), ('21', '2', '4', '2', '2015-06-15 20:38:35', null, null, null, null, '0', '0'), ('22', '2', '5', '2', '2015-06-15 20:38:37', null, null, null, null, '0', '0'), ('23', '5', '1', '2', '2015-06-24 11:17:29', null, null, null, null, '0', '0'), ('24', '5', '2', '2', '2015-06-24 11:17:29', null, null, null, null, '0', '0'), ('25', '5', '4', '2', '2015-06-24 11:17:30', null, null, null, null, '0', '0'), ('26', '5', '3', '2', '2015-06-24 11:17:30', null, null, null, null, '0', '0'), ('27', '5', '5', '2', '2015-06-24 11:17:31', null, null, null, null, '0', '0'), ('28', '5', '6', '2', '2015-06-24 11:17:32', null, null, null, null, '0', '0'), ('29', '5', '7', '2', '2015-06-24 11:17:34', null, null, null, null, '0', '0'), ('30', '5', '8', '2', '2015-06-24 11:17:34', null, null, null, null, '0', '0'), ('31', '2', '9', '1', '2015-06-26 00:55:20', null, null, null, null, '0', '0'), ('32', '3', '10', '2', '2015-07-03 02:17:51', null, null, null, null, '0', '0'), ('33', '3', '11', '1', '2015-07-09 00:26:13', null, null, null, null, '0', '0'), ('34', '2', '12', '2', '2015-07-09 16:01:06', null, null, null, null, '0', '0'), ('35', '1', '13', '2', '2015-07-12 00:05:12', null, null, null, null, '0', '0');
COMMIT;

-- ----------------------------
--  Table structure for `TBL_MENU_TRAD`
-- ----------------------------
DROP TABLE IF EXISTS `TBL_MENU_TRAD`;
CREATE TABLE `TBL_MENU_TRAD` (
  `IDMenu` int(11) NOT NULL,
  `Nom` varchar(255) DEFAULT NULL,
  `IDLangue` int(4) NOT NULL DEFAULT '1'
) ENGINE=InnoDB DEFAULT CHARSET=latin1 ROW_FORMAT=COMPACT;

-- ----------------------------
--  Records of `TBL_MENU_TRAD`
-- ----------------------------
BEGIN;
INSERT INTO `TBL_MENU_TRAD` VALUES ('1', 'Gestion', '1'), ('2', 'Production', '1'), ('3', 'Suivi', '1'), ('4', 'GESTION', '1'), ('5', 'Admin', '1'), ('6', 'Manage', '1'), ('7', 'Gest', '1'), ('8', 'Test', '1');
COMMIT;

-- ----------------------------
--  Table structure for `TBL_OPTION`
-- ----------------------------
DROP TABLE IF EXISTS `TBL_OPTION`;
CREATE TABLE `TBL_OPTION` (
  `IDOption` int(11) NOT NULL AUTO_INCREMENT,
  `IDSociete` int(11) DEFAULT NULL,
  `Ordre` int(11) NOT NULL DEFAULT '99',
  `EstActif` int(1) NOT NULL DEFAULT '1',
  `IDMembreAdd` int(11) DEFAULT NULL,
  `DateAdd` datetime DEFAULT NULL,
  `IDMembreMaj` int(11) DEFAULT NULL,
  `DateMaj` datetime DEFAULT NULL,
  `IDMembreSupp` int(11) DEFAULT NULL,
  `DateSupp` datetime DEFAULT NULL,
  `EstSupp` int(1) NOT NULL DEFAULT '0',
  `EstProtected` int(1) NOT NULL DEFAULT '0',
  PRIMARY KEY (`IDOption`)
) ENGINE=InnoDB AUTO_INCREMENT=33 DEFAULT CHARSET=latin1 ROW_FORMAT=COMPACT;

-- ----------------------------
--  Records of `TBL_OPTION`
-- ----------------------------
BEGIN;
INSERT INTO `TBL_OPTION` VALUES ('1', '1', '11', '1', '2', '2015-05-21 15:08:42', '2', '2015-06-08 00:00:55', null, null, '0', '0'), ('2', '1', '12', '1', '2', '2015-05-21 15:08:53', '2', '2015-06-08 00:01:04', null, null, '0', '0'), ('3', '1', '31', '1', '2', '2015-05-21 15:09:07', '2', '2015-06-08 00:00:37', null, null, '0', '0'), ('4', '1', '2', '1', '2', '2015-05-23 15:30:32', '2', '2015-06-07 23:57:08', null, null, '0', '0'), ('5', '1', '3', '1', '2', '2015-05-23 15:30:43', '2', '2015-06-07 23:57:37', null, null, '0', '0'), ('6', '3', '1', '1', '1', '2015-05-26 00:52:00', null, null, null, null, '0', '0'), ('7', '1', '4', '1', '2', '2015-06-02 14:50:27', '2', '2015-06-07 23:57:28', '2', '2015-07-28 01:09:23', '1', '0'), ('8', '1', '41', '1', '2', '2015-06-02 14:50:44', '2', '2015-06-08 00:01:14', null, null, '0', '0'), ('9', '1', '21', '1', '2', '2015-06-02 14:53:26', '2', '2015-06-08 00:00:08', null, null, '0', '0'), ('10', '1', '1', '1', '2', '2015-06-05 01:18:44', '2', '2015-06-07 23:56:31', null, null, '0', '0'), ('11', '1', '99', '1', '1', '2015-07-27 22:34:17', null, null, '2', '2015-07-28 01:09:23', '1', '0'), ('12', '1', '99', '1', '1', '2015-07-27 22:46:45', null, null, '1', '2015-07-27 22:48:24', '1', '0'), ('13', '1', '99', '1', '1', '2015-07-27 22:48:27', null, null, '1', '2015-07-27 22:55:54', '1', '0'), ('14', '1', '99', '1', '1', '2015-07-27 22:54:29', null, null, '1', '2015-07-27 22:55:54', '1', '0'), ('15', '1', '99', '1', '1', '2015-07-27 22:54:29', null, null, '1', '2015-07-27 22:55:54', '1', '0'), ('16', '1', '99', '1', '1', '2015-07-27 22:56:12', null, null, '1', '2015-07-27 23:17:47', '1', '0'), ('17', '1', '99', '1', '1', '2015-07-27 22:56:12', null, null, '1', '2015-07-27 23:17:47', '1', '0'), ('18', '1', '99', '1', '1', '2015-07-27 23:18:00', null, null, '1', '2015-07-27 23:27:39', '1', '0'), ('19', '1', '99', '1', '1', '2015-07-27 23:18:00', null, null, '1', '2015-07-27 23:31:25', '1', '0'), ('20', '1', '99', '1', '1', '2015-07-27 23:23:02', null, null, '1', '2015-07-27 23:27:39', '1', '0'), ('21', '1', '99', '1', '1', '2015-07-27 23:28:01', null, null, '1', '2015-07-27 23:35:40', '1', '0'), ('22', '1', '99', '1', '1', '2015-07-27 23:31:28', null, null, '1', '2015-07-27 23:35:40', '1', '0'), ('23', '1', '99', '1', '1', '2015-07-27 23:45:44', null, null, '2', '2015-07-28 00:09:56', '1', '0'), ('24', '1', '99', '1', '1', '2015-07-27 23:45:44', null, null, '1', '2015-07-27 23:54:17', '1', '0'), ('25', '1', '99', '1', '1', '2015-07-27 23:54:19', null, null, '2', '2015-07-28 00:09:56', '1', '0'), ('26', '1', '99', '1', '17', '2015-07-28 00:10:30', null, null, '2', '2015-07-28 00:54:54', '1', '0'), ('27', '1', '99', '1', '17', '2015-07-28 00:10:30', null, null, '2', '2015-07-28 00:54:54', '1', '0'), ('28', '1', '99', '1', '17', '2015-07-28 00:55:02', null, null, '2', '2015-07-28 01:09:23', '1', '0'), ('29', '1', '99', '1', '17', '2015-07-28 00:55:02', null, null, '2', '2015-07-28 01:09:23', '1', '0'), ('30', '1', '99', '1', '17', '2015-07-28 01:09:39', null, null, null, null, '0', '0'), ('31', '1', '99', '1', '17', '2015-07-28 01:09:39', null, null, null, null, '0', '0'), ('32', '1', '99', '1', '17', '2015-07-28 10:57:23', null, null, null, null, '0', '0');
COMMIT;

-- ----------------------------
--  Table structure for `TBL_OPTION_TRAD`
-- ----------------------------
DROP TABLE IF EXISTS `TBL_OPTION_TRAD`;
CREATE TABLE `TBL_OPTION_TRAD` (
  `IDOption` int(11) NOT NULL,
  `Nom` varchar(255) DEFAULT NULL,
  `IDLangue` int(4) NOT NULL DEFAULT '1'
) ENGINE=InnoDB DEFAULT CHARSET=latin1 ROW_FORMAT=COMPACT;

-- ----------------------------
--  Records of `TBL_OPTION_TRAD`
-- ----------------------------
BEGIN;
INSERT INTO `TBL_OPTION_TRAD` VALUES ('1', 'VAR ', '1'), ('2', 'VARV', '1'), ('3', '4CR', '1'), ('4', 'PMR', '1'), ('5', 'PBRV', '1'), ('6', 'Option', '1'), ('7', 'PMRV', '1'), ('8', 'VUVRV', '1'), ('9', '2PR', '1'), ('10', 'PBR', '1'), ('11', '2CR', '1'), ('12', '2CR', '1'), ('13', '2CR', '1'), ('14', 'PBV', '1'), ('15', '1CR', '1'), ('16', 'PBV', '1'), ('17', '1CR', '1'), ('18', 'PBV', '1'), ('19', '1CR', '1'), ('0', '1CR', '1'), ('20', '1CR', '1'), ('21', 'PBV', '1'), ('22', '1CR', '1'), ('23', 'PBV', '1'), ('24', '1CR', '1'), ('25', '1CR', '1'), ('26', 'PST', '1'), ('27', '1CR', '1'), ('28', 'PST', '1'), ('29', '1CR', '1'), ('30', 'PST', '1'), ('31', '1CR', '1'), ('32', 'PSTRV', '1');
COMMIT;

-- ----------------------------
--  Table structure for `TBL_PAGE`
-- ----------------------------
DROP TABLE IF EXISTS `TBL_PAGE`;
CREATE TABLE `TBL_PAGE` (
  `IDPage` int(11) NOT NULL AUTO_INCREMENT,
  `Classe` varchar(255) DEFAULT NULL,
  `IDSociete` int(11) DEFAULT NULL,
  `Ordre` int(11) NOT NULL DEFAULT '1',
  `EstActif` int(1) NOT NULL DEFAULT '1',
  `IDMembreAdd` int(11) DEFAULT NULL,
  `DateAdd` datetime DEFAULT NULL,
  `IDMembreMaj` int(11) DEFAULT NULL,
  `DateMaj` datetime DEFAULT NULL,
  `IDMembreSupp` int(11) DEFAULT NULL,
  `DateSupp` datetime DEFAULT NULL,
  `EstSupp` int(1) NOT NULL DEFAULT '0',
  `EstProtected` int(1) NOT NULL DEFAULT '0',
  PRIMARY KEY (`IDPage`)
) ENGINE=InnoDB AUTO_INCREMENT=14 DEFAULT CHARSET=latin1 ROW_FORMAT=COMPACT;

-- ----------------------------
--  Records of `TBL_PAGE`
-- ----------------------------
BEGIN;
INSERT INTO `TBL_PAGE` VALUES ('1', 'GestionReglage', '1', '1', '1', '1', '2015-04-19 18:27:09', '2', '2015-07-02 22:43:42', null, null, '0', '1'), ('2', 'GestionDroit', '1', '2', '1', '1', '2015-04-20 20:24:35', '2', '2015-05-21 15:03:33', null, null, '0', '1'), ('3', 'GestionMembre', '1', '4', '1', '1', '2015-04-21 23:59:21', '2', '2015-05-21 15:13:46', null, null, '0', '1'), ('4', 'ProductionFicheDeProd', '1', '3', '1', '1', '2015-05-18 23:28:15', '2', '2015-05-21 15:13:26', null, null, '0', '1'), ('5', 'ProductionDossierDeFab', '1', '5', '1', '1', '2015-05-21 13:46:26', '2', '2015-05-21 15:13:55', null, null, '0', '1'), ('6', 'SuiviDossierDeFab', '1', '6', '1', '1', '2015-05-25 18:41:50', null, null, null, null, '0', '1'), ('7', 'SuiviFicheDeProd', '1', '7', '1', '1', '2015-06-05 16:37:40', null, null, null, null, '0', '1'), ('8', 'SuiviStat', '1', '8', '1', '1', '2015-06-15 20:35:03', null, null, null, null, '0', '1'), ('9', 'GestionPlanning', '1', '9', '1', '1', '2015-06-26 00:54:00', null, null, null, null, '0', '1'), ('10', 'SuiviPlanning', '1', '10', '1', '1', '2015-07-03 02:16:39', null, null, null, null, '0', '1'), ('11', 'SuiviReclame', '1', '11', '1', '1', '2015-07-03 02:16:39', '1', '2015-07-09 00:25:57', null, null, '0', '1'), ('12', 'ProductionReclame', '1', '12', '1', '1', '2015-07-09 15:58:56', '2', '2015-07-09 16:00:16', null, null, '0', '1'), ('13', 'GestionFournisseur', '1', '13', '1', '1', '2015-07-11 23:59:35', null, null, null, null, '0', '1');
COMMIT;

-- ----------------------------
--  Table structure for `TBL_PAGE_TRAD`
-- ----------------------------
DROP TABLE IF EXISTS `TBL_PAGE_TRAD`;
CREATE TABLE `TBL_PAGE_TRAD` (
  `IDPage` int(11) NOT NULL,
  `Nom` varchar(255) DEFAULT NULL,
  `IDLangue` int(4) NOT NULL DEFAULT '1'
) ENGINE=InnoDB DEFAULT CHARSET=latin1 ROW_FORMAT=COMPACT;

-- ----------------------------
--  Records of `TBL_PAGE_TRAD`
-- ----------------------------
BEGIN;
INSERT INTO `TBL_PAGE_TRAD` VALUES ('1', 'Réglages', '1'), ('2', 'Liaisons', '1'), ('3', 'Membres', '1'), ('4', 'Fiches de prod.', '1'), ('5', 'Ouverture de dossier', '1'), ('6', 'Dossier de fab.', '1'), ('7', 'Suivi fiches', '1'), ('8', 'Stats', '1'), ('9', 'Planning', '1'), ('10', 'En cours', '1'), ('11', 'Réclamés', '1'), ('12', 'Gestion réclamés', '1'), ('13', 'Fournisseurs', '1');
COMMIT;

-- ----------------------------
--  Table structure for `TBL_PLANNING_TL_ELEMENT_TL_MACHINE`
-- ----------------------------
DROP TABLE IF EXISTS `TBL_PLANNING_TL_ELEMENT_TL_MACHINE`;
CREATE TABLE `TBL_PLANNING_TL_ELEMENT_TL_MACHINE` (
  `IDDossierDeFab_tl_element_tl_machine` int(11) NOT NULL,
  `Ordre` int(5) DEFAULT '999',
  `IDMembreAdd` int(11) DEFAULT NULL,
  `DateAdd` datetime DEFAULT NULL,
  `IDMembreMaj` int(11) DEFAULT NULL,
  `DateMaj` datetime DEFAULT NULL,
  `IDMembreSupp` int(11) DEFAULT NULL,
  `DateSupp` datetime DEFAULT NULL,
  `EstSupp` int(1) NOT NULL DEFAULT '0',
  `EstProtected` int(1) NOT NULL DEFAULT '0',
  PRIMARY KEY (`IDDossierDeFab_tl_element_tl_machine`)
) ENGINE=InnoDB DEFAULT CHARSET=latin1 ROW_FORMAT=COMPACT;

-- ----------------------------
--  Records of `TBL_PLANNING_TL_ELEMENT_TL_MACHINE`
-- ----------------------------
BEGIN;
INSERT INTO `TBL_PLANNING_TL_ELEMENT_TL_MACHINE` VALUES ('3', '999', '2', '2015-06-26 19:27:25', '2', '2015-06-29 15:31:45', null, null, '0', '0'), ('4', '999', '2', '2015-06-26 19:27:25', '2', '2015-06-29 15:31:45', null, null, '0', '0'), ('7', '999', '2', '2015-06-26 19:27:25', '2', '2015-06-29 15:31:45', null, null, '0', '0'), ('8', '999', '2', '2015-06-26 19:27:25', '2', '2015-06-29 15:31:45', null, null, '0', '0'), ('10', '1', '2', '2015-06-25 23:05:28', '15', '2015-07-02 15:49:10', null, null, '0', '0'), ('11', '999', '2', '2015-06-26 19:27:25', '2', '2015-06-29 15:31:45', null, null, '0', '0'), ('12', '999', '2', '2015-06-26 19:27:25', '2', '2015-07-06 09:26:31', null, null, '0', '0'), ('14', '111', '2', '2015-06-26 19:27:25', '15', '2015-07-02 15:49:10', null, null, '0', '0'), ('15', '999', '2', '2015-06-26 19:27:25', '2', '2015-07-06 09:26:31', null, null, '0', '0'), ('17', '1', '2', '2015-06-25 23:05:28', null, null, null, null, '0', '0'), ('18', '999', '2', '2015-06-26 19:27:25', '2', '2015-07-06 09:26:31', null, null, '0', '0'), ('19', '999', '2', '2015-06-26 19:27:25', '2', '2015-06-29 15:31:45', null, null, '0', '0'), ('20', '999', '2', '2015-06-26 19:27:25', '2', '2015-06-29 15:31:45', null, null, '0', '0'), ('21', '1', '2', '2015-06-26 19:27:25', '2', '2015-06-29 10:50:33', null, null, '0', '0'), ('22', '3', '2', '2015-06-26 19:27:25', '15', '2015-07-02 15:49:10', null, null, '0', '0'), ('23', '999', '2', '2015-06-26 19:27:25', '2', '2015-07-06 09:26:31', null, null, '0', '0'), ('24', '999', '2', '2015-06-26 19:27:25', '2', '2015-06-29 15:31:45', null, null, '0', '0'), ('25', '999', '2', '2015-06-26 19:27:25', '2', '2015-06-29 15:31:45', null, null, '0', '0'), ('27', '2', '2', '2015-06-25 23:05:28', '15', '2015-07-02 15:49:10', null, null, '0', '0'), ('28', '999', '2', '2015-06-26 19:27:25', '2', '2015-07-06 09:26:31', null, null, '0', '0'), ('29', '999', '2', '2015-06-26 19:27:25', '2', '2015-06-29 15:31:45', null, null, '0', '0'), ('30', '999', '2', '2015-06-26 19:27:25', '2', '2015-06-29 15:31:45', null, null, '0', '0'), ('31', '1', '2', '2015-06-26 19:27:25', '2', '2015-06-26 21:23:32', null, null, '0', '0'), ('32', '1', '2', '2015-06-26 19:27:25', '15', '2015-06-29 19:49:16', null, null, '0', '0'), ('33', '999', '2', '2015-06-26 19:27:25', '2', '2015-07-06 09:26:31', null, null, '0', '0'), ('36', '10', '2', '2015-06-26 19:25:58', '2', '2015-06-29 15:31:45', null, null, '0', '0'), ('37', '1', '2', '2015-06-26 19:27:25', '2', '2015-07-02 01:08:09', null, null, '0', '0'), ('38', '999', '2', '2015-06-26 19:27:25', '2', '2015-07-06 09:26:31', null, null, '0', '0'), ('42', '10', '2', '2015-06-26 19:27:25', '15', '2015-07-02 15:49:10', null, null, '0', '0'), ('43', '999', '2', '2015-06-26 19:27:25', '2', '2015-07-06 09:26:31', null, null, '0', '0'), ('44', '999', '2', '2015-06-26 19:27:25', '2', '2015-06-29 15:31:45', null, null, '0', '0'), ('45', '999', '2', '2015-06-26 19:27:25', '2', '2015-06-29 15:31:45', null, null, '0', '0'), ('48', '999', '2', '2015-06-26 19:27:25', '2', '2015-06-29 15:31:45', null, null, '0', '0'), ('49', '999', '2', '2015-06-26 19:27:25', '2', '2015-06-29 15:31:45', null, null, '0', '0'), ('50', '999', '2', '2015-06-26 19:27:25', '2', '2015-07-06 09:26:31', null, null, '0', '0'), ('52', '10', '2', '2015-06-26 19:27:25', '15', '2015-07-02 15:49:10', null, null, '0', '0'), ('53', '999', '2', '2015-06-26 19:27:25', '2', '2015-06-29 15:31:45', null, null, '0', '0'), ('54', '999', '2', '2015-06-26 19:27:25', '2', '2015-07-06 09:26:31', null, null, '0', '0'), ('55', '20', '2', '2015-06-26 19:27:25', '16', '2015-07-02 15:19:33', null, null, '0', '0'), ('56', '5', '2', '2015-06-26 19:27:25', '15', '2015-07-02 15:49:10', null, null, '0', '0'), ('57', '999', '2', '2015-06-26 19:27:25', '2', '2015-06-29 15:31:45', null, null, '0', '0'), ('58', '999', '2', '2015-06-26 19:27:25', '2', '2015-06-29 15:31:45', null, null, '0', '0'), ('60', '22', '2', '2015-06-26 19:27:25', '16', '2015-07-02 15:19:33', null, null, '0', '0'), ('62', '1', '2', '2015-06-26 19:27:25', '16', '2015-07-02 15:19:33', null, null, '0', '0'), ('63', '4', '2', '2015-06-26 19:27:25', '15', '2015-07-02 15:49:10', null, null, '0', '0'), ('64', '30', '2', '2015-06-26 19:27:25', '16', '2015-07-02 15:19:33', null, null, '0', '0'), ('65', '11', '2', '2015-06-26 19:27:25', '15', '2015-07-02 15:49:10', null, null, '0', '0'), ('66', '11', '2', '2015-06-26 19:27:25', '2', '2015-06-29 15:31:45', null, null, '0', '0'), ('67', '33', '2', '2015-06-26 19:27:25', '16', '2015-07-02 15:19:33', null, null, '0', '0'), ('68', '1', '2', '2015-06-26 19:27:25', '2', '2015-06-29 15:31:45', null, null, '0', '0'), ('69', '999', '2', '2015-06-26 19:27:25', '15', '2015-07-02 15:49:10', null, null, '0', '0'), ('70', '999', '2', '2015-06-26 19:27:25', '2', '2015-07-06 09:26:31', null, null, '0', '0'), ('71', '50', '2', '2015-06-26 19:27:25', '16', '2015-07-02 15:19:33', null, null, '0', '0'), ('72', '999', '2', '2015-06-26 19:27:25', '15', '2015-07-02 15:49:10', null, null, '0', '0'), ('73', '999', '2', '2015-06-26 19:27:25', '2', '2015-07-06 09:26:31', null, null, '0', '0'), ('74', '999', '2', '2015-06-29 10:50:33', null, null, null, null, '0', '0'), ('75', '11', '2', '2015-06-29 10:50:34', '15', '2015-07-02 15:49:10', null, null, '0', '0'), ('76', '999', '2', '2015-06-29 10:50:34', '2', '2015-06-29 15:31:45', null, null, '0', '0'), ('77', '999', '2', '2015-06-29 10:50:34', '2', '2015-06-29 15:31:45', null, null, '0', '0'), ('78', '999', '2', '2015-06-29 10:50:34', '2', '2015-07-06 09:26:31', null, null, '0', '0'), ('79', '999', '2', '2015-06-29 10:50:34', '16', '2015-07-02 15:19:33', null, null, '0', '0'), ('80', '999', '2', '2015-06-29 10:50:34', '2', '2015-06-29 15:31:45', null, null, '0', '0'), ('81', '999', '2', '2015-06-29 10:50:34', '2', '2015-06-29 15:31:45', null, null, '0', '0'), ('82', '999', '2', '2015-06-29 10:50:34', '2', '2015-07-06 09:26:31', null, null, '0', '0'), ('83', '993', '2', '2015-06-29 10:50:34', '2', '2015-06-29 15:31:45', null, null, '0', '0'), ('84', '1', '2', '2015-06-29 10:50:34', '2', '2015-07-02 01:08:09', null, null, '0', '0'), ('85', '999', '2', '2015-06-29 10:50:34', '2', '2015-06-29 15:31:45', null, null, '0', '0'), ('86', '999', '2', '2015-06-29 10:50:34', '2', '2015-06-29 15:31:45', null, null, '0', '0'), ('87', '999', '2', '2015-06-29 10:50:34', '2', '2015-07-06 09:26:31', null, null, '0', '0'), ('88', '2', '16', '2015-07-02 15:19:33', null, null, null, null, '0', '0'), ('89', '999', '15', '2015-07-01 11:54:35', '15', '2015-07-02 15:49:10', null, null, '0', '0'), ('90', '999', '2', '2015-07-06 09:26:31', null, null, null, null, '0', '0'), ('91', '999', '16', '2015-07-02 15:19:33', null, null, null, null, '0', '0'), ('92', '6', '15', '2015-06-29 19:49:16', '15', '2015-07-02 15:49:10', null, null, '0', '0'), ('95', '999', '2', '2015-07-02 01:08:09', '15', '2015-07-02 15:49:10', null, null, '0', '0'), ('97', '999', '2', '2015-07-02 01:08:09', '15', '2015-07-02 15:49:10', null, null, '0', '0'), ('99', '999', '16', '2015-07-02 15:19:33', null, null, null, null, '0', '0'), ('100', '999', '15', '2015-07-02 15:49:10', null, null, null, null, '0', '0'), ('101', '999', '2', '2015-07-06 09:26:31', null, null, null, null, '0', '0'), ('105', '999', '2', '2015-07-06 09:26:31', null, null, null, null, '0', '0'), ('150', '4', '2', '2015-07-06 11:12:03', null, null, null, null, '0', '0'), ('154', '1', '2', '2015-07-06 09:26:31', null, null, null, null, '0', '0'), ('155', '1', '2', '2015-07-06 11:12:03', null, null, null, null, '0', '0'), ('159', '2', '2', '2015-07-06 09:26:31', null, null, null, null, '0', '0'), ('160', '999', '2', '2015-07-06 11:12:03', null, null, null, null, '0', '0'), ('164', '3', '2', '2015-07-06 09:26:31', null, null, null, null, '0', '0'), ('165', '999', '2', '2015-07-06 11:12:03', null, null, null, null, '0', '0'), ('169', '999', '2', '2015-07-06 09:26:31', null, null, null, null, '0', '0'), ('170', '999', '2', '2015-07-06 11:12:03', null, null, null, null, '0', '0'), ('174', '999', '2', '2015-07-06 09:26:31', null, null, null, null, '0', '0'), ('175', '999', '2', '2015-07-06 11:12:03', null, null, null, null, '0', '0'), ('179', '999', '2', '2015-07-06 09:26:31', null, null, null, null, '0', '0'), ('180', '999', '2', '2015-07-06 11:12:03', null, null, null, null, '0', '0'), ('184', '999', '2', '2015-07-06 09:26:31', null, null, null, null, '0', '0'), ('185', '999', '2', '2015-07-06 11:12:03', null, null, null, null, '0', '0'), ('189', '999', '2', '2015-07-06 09:26:31', null, null, null, null, '0', '0'), ('190', '999', '2', '2015-07-06 11:12:03', null, null, null, null, '0', '0'), ('194', '999', '2', '2015-07-06 09:26:31', null, null, null, null, '0', '0'), ('195', '999', '2', '2015-07-06 11:12:03', null, null, null, null, '0', '0'), ('199', '999', '2', '2015-07-06 09:26:31', null, null, null, null, '0', '0'), ('200', '999', '2', '2015-07-06 11:12:03', null, null, null, null, '0', '0'), ('204', '999', '2', '2015-07-06 09:26:31', null, null, null, null, '0', '0'), ('205', '2', '2', '2015-07-06 11:12:03', null, null, null, null, '0', '0'), ('208', '999', '2', '2015-07-06 09:26:31', null, null, null, null, '0', '0'), ('209', '3', '2', '2015-07-06 11:12:03', null, null, null, null, '0', '0'), ('212', '999', '2', '2015-07-06 09:26:31', null, null, null, null, '0', '0'), ('213', '999', '2', '2015-07-06 11:12:03', null, null, null, null, '0', '0'), ('216', '999', '2', '2015-07-06 09:26:31', null, null, null, null, '0', '0'), ('217', '999', '2', '2015-07-06 11:12:03', null, null, null, null, '0', '0'), ('220', '999', '2', '2015-07-06 09:26:31', null, null, null, null, '0', '0'), ('221', '999', '2', '2015-07-06 11:12:03', null, null, null, null, '0', '0'), ('224', '999', '2', '2015-07-06 09:26:31', null, null, null, null, '0', '0');
COMMIT;

-- ----------------------------
--  Table structure for `TBL_RECLAME`
-- ----------------------------
DROP TABLE IF EXISTS `TBL_RECLAME`;
CREATE TABLE `TBL_RECLAME` (
  `IDReclame` int(11) NOT NULL AUTO_INCREMENT,
  `IDReclameEtat` int(11) NOT NULL DEFAULT '1',
  `Dossier` varchar(255) DEFAULT NULL,
  `Ref` varchar(255) DEFAULT NULL,
  `Quantite` int(11) DEFAULT NULL,
  `DateExpedition` datetime DEFAULT NULL,
  `Demande` varchar(255) DEFAULT NULL,
  `Reponse` varchar(255) DEFAULT NULL,
  `IDMembreReponse` int(11) DEFAULT NULL,
  `DateReponse` datetime DEFAULT NULL,
  `IDSociete` int(11) DEFAULT '1',
  `IDMembreAdd` int(11) DEFAULT NULL,
  `DateAdd` datetime DEFAULT NULL,
  `IDMembreMaj` int(11) DEFAULT NULL,
  `DateMaj` datetime DEFAULT NULL,
  `IDMembreSupp` int(11) DEFAULT NULL,
  `DateSupp` datetime DEFAULT NULL,
  `EstSupp` int(1) NOT NULL DEFAULT '0',
  `EstProtected` int(1) NOT NULL DEFAULT '0',
  PRIMARY KEY (`IDReclame`)
) ENGINE=InnoDB AUTO_INCREMENT=11 DEFAULT CHARSET=latin1 ROW_FORMAT=COMPACT;

-- ----------------------------
--  Records of `TBL_RECLAME`
-- ----------------------------
BEGIN;
INSERT INTO `TBL_RECLAME` VALUES ('1', '1', '001', 'BRA4', '200', '2015-07-24 22:51:49', 'accompte', 'ok', null, null, '1', '3', '2015-07-08 22:52:02', '2', '2015-07-11 19:30:36', '2', '2015-07-12 21:42:10', '1', '0'), ('2', '1', '00A', '-', '11', null, 'urgent', 'vu', null, null, '1', '5', '2015-07-09 22:52:02', '2', '2015-07-18 23:13:15', '2', '2015-07-12 21:42:03', '1', '0'), ('3', '3', '007', 'Ma ref', '10', '2015-07-14 00:00:00', 'impertif !!', 'oki vu', '2', '2015-07-12 21:25:27', '1', '4', '2015-07-01 22:52:02', '2', '2015-07-12 21:32:16', null, null, '0', '0'), ('4', '1', '002', 'TDL', '1', '2015-07-16 00:00:00', 'ouaip', 'mon text', null, null, '1', '2', '2015-07-09 13:48:08', '2', '2015-07-11 19:28:12', '2', '2015-07-12 21:42:03', '1', '0'), ('5', '2', '002', '', null, null, '', 'oki vu', '2', '2015-07-12 21:25:27', '1', '15', '2015-07-09 13:53:03', '2', '2015-07-11 19:57:43', null, null, '0', '0'), ('6', '1', '006', '', null, null, 'Urgente', null, null, null, '1', '2', '2015-07-12 12:14:30', null, null, '2', '2015-07-12 21:42:10', '1', '0'), ('7', '3', '001', '', null, null, '', 'vu', '2', '2015-07-12 22:35:31', '1', '2', '2015-07-12 22:07:52', '2', '2015-07-12 22:36:06', null, null, '0', '0'), ('8', '3', '003', 'ref', '5', '2015-07-14 00:00:00', 'si possible', null, null, null, '1', '2', '2015-07-12 22:08:24', '2', '2015-07-12 22:36:17', null, null, '0', '0'), ('9', '1', '004', '', null, null, '', null, null, null, '1', '2', '2015-07-12 22:36:39', null, null, null, null, '0', '0'), ('10', '2', '005', '', null, null, '', 'pas sur', '2', '2015-07-12 22:38:43', '1', '2', '2015-07-12 22:38:34', null, null, null, null, '0', '0');
COMMIT;

-- ----------------------------
--  Table structure for `TBL_RECLAME_ETAT`
-- ----------------------------
DROP TABLE IF EXISTS `TBL_RECLAME_ETAT`;
CREATE TABLE `TBL_RECLAME_ETAT` (
  `IDReclameEtat` int(11) NOT NULL AUTO_INCREMENT,
  `IDSociete` int(11) DEFAULT NULL,
  `Ordre` int(11) NOT NULL DEFAULT '99',
  `EstActif` int(1) DEFAULT '1',
  `IDMembreAdd` int(11) DEFAULT NULL,
  `DateAdd` datetime DEFAULT NULL,
  `IDMembreMaj` int(11) DEFAULT NULL,
  `DateMaj` datetime DEFAULT NULL,
  `IDMembreSupp` int(11) DEFAULT NULL,
  `DateSupp` datetime DEFAULT NULL,
  `EstSupp` int(1) NOT NULL DEFAULT '0',
  `EstProtected` int(1) NOT NULL DEFAULT '0',
  PRIMARY KEY (`IDReclameEtat`)
) ENGINE=InnoDB AUTO_INCREMENT=4 DEFAULT CHARSET=latin1 ROW_FORMAT=COMPACT;

-- ----------------------------
--  Records of `TBL_RECLAME_ETAT`
-- ----------------------------
BEGIN;
INSERT INTO `TBL_RECLAME_ETAT` VALUES ('1', '1', '1', '1', '2', '2015-07-12 22:00:03', null, null, null, null, '0', '0'), ('2', '1', '2', '1', '2', '2015-07-12 22:00:03', null, null, null, null, '0', '0'), ('3', '1', '3', '1', '2', '2015-07-12 22:00:03', null, null, null, null, '0', '0');
COMMIT;

-- ----------------------------
--  Table structure for `TBL_RECLAME_ETAT_TRAD`
-- ----------------------------
DROP TABLE IF EXISTS `TBL_RECLAME_ETAT_TRAD`;
CREATE TABLE `TBL_RECLAME_ETAT_TRAD` (
  `IDReclameEtat` int(11) NOT NULL,
  `Nom` varchar(255) DEFAULT NULL,
  `IDLangue` int(4) NOT NULL DEFAULT '1'
) ENGINE=InnoDB DEFAULT CHARSET=latin1 ROW_FORMAT=COMPACT;

-- ----------------------------
--  Records of `TBL_RECLAME_ETAT_TRAD`
-- ----------------------------
BEGIN;
INSERT INTO `TBL_RECLAME_ETAT_TRAD` VALUES ('1', 'Nouveau', '1'), ('2', 'En cours', '1'), ('3', 'Clos', '1');
COMMIT;

-- ----------------------------
--  Table structure for `TBL_SECTEUR`
-- ----------------------------
DROP TABLE IF EXISTS `TBL_SECTEUR`;
CREATE TABLE `TBL_SECTEUR` (
  `IDSecteur` int(11) NOT NULL AUTO_INCREMENT,
  `Code` int(11) DEFAULT NULL,
  `IDSociete` int(11) DEFAULT NULL,
  `Ordre` int(11) NOT NULL DEFAULT '99',
  `EstActif` int(1) DEFAULT '1',
  `IDMembreAdd` int(11) DEFAULT NULL,
  `DateAdd` datetime DEFAULT NULL,
  `IDMembreMaj` int(11) DEFAULT NULL,
  `DateMaj` datetime DEFAULT NULL,
  `IDMembreSupp` int(11) DEFAULT NULL,
  `DateSupp` datetime DEFAULT NULL,
  `EstSupp` int(1) NOT NULL DEFAULT '0',
  `EstProtected` int(1) NOT NULL DEFAULT '0',
  PRIMARY KEY (`IDSecteur`)
) ENGINE=InnoDB AUTO_INCREMENT=11 DEFAULT CHARSET=latin1 ROW_FORMAT=COMPACT;

-- ----------------------------
--  Records of `TBL_SECTEUR`
-- ----------------------------
BEGIN;
INSERT INTO `TBL_SECTEUR` VALUES ('1', '10010', '1', '10', '1', '2', '2015-05-21 15:07:59', '2', '2015-06-18 16:06:06', null, null, '0', '0'), ('2', '20002', '1', '20', '1', '2', '2015-05-21 15:08:05', '2', '2015-06-18 16:06:11', null, null, '0', '0'), ('3', '20003', '1', '30', '1', '2', '2015-05-21 15:08:14', '2', '2015-06-18 16:06:16', null, null, '0', '0'), ('4', null, '1', '40', '1', '1', '2015-05-23 15:20:38', '2', '2015-06-18 16:06:21', null, null, '0', '0'), ('5', null, '3', '1', '1', '1', '2015-05-26 00:51:11', null, null, null, null, '0', '0'), ('6', '30002', '1', '50', '1', '2', '2015-06-02 14:51:04', '2', '2015-06-24 23:51:42', '2', '2015-06-24 22:37:10', '0', '0'), ('7', '40002', '1', '70', '1', '1', '2015-07-09 00:20:40', '2', '2015-07-17 11:28:41', null, null, '0', '0'), ('8', '30003', '1', '60', '1', '2', '2015-07-17 11:19:12', '2', '2015-07-17 11:28:32', '2', '2015-07-17 11:36:39', '1', '0'), ('9', '40', '1', '60', '1', '2', '2015-07-17 11:36:59', '2', '2015-07-17 11:37:57', '2', '2015-07-17 11:38:18', '1', '0'), ('10', '40010', '1', '40', '1', '2', '2015-07-17 11:38:31', null, null, null, null, '0', '0');
COMMIT;

-- ----------------------------
--  Table structure for `TBL_SECTEUR_TL_CODE_ERREUR`
-- ----------------------------
DROP TABLE IF EXISTS `TBL_SECTEUR_TL_CODE_ERREUR`;
CREATE TABLE `TBL_SECTEUR_TL_CODE_ERREUR` (
  `IDSecteur_tl_code_erreur` int(11) NOT NULL AUTO_INCREMENT,
  `IDSecteur` int(11) DEFAULT NULL,
  `IDCodeErreur` int(11) DEFAULT NULL,
  `IDMembreAdd` int(11) DEFAULT NULL,
  `DateAdd` datetime DEFAULT NULL,
  `IDMembreMaj` int(11) DEFAULT NULL,
  `DateMaj` datetime DEFAULT NULL,
  `IDMembreSupp` int(11) DEFAULT NULL,
  `DateSupp` datetime DEFAULT NULL,
  `EstSupp` int(1) NOT NULL DEFAULT '0',
  `EstProtected` int(1) NOT NULL DEFAULT '0',
  PRIMARY KEY (`IDSecteur_tl_code_erreur`)
) ENGINE=InnoDB AUTO_INCREMENT=16 DEFAULT CHARSET=latin1 ROW_FORMAT=COMPACT;

-- ----------------------------
--  Records of `TBL_SECTEUR_TL_CODE_ERREUR`
-- ----------------------------
BEGIN;
INSERT INTO `TBL_SECTEUR_TL_CODE_ERREUR` VALUES ('1', '1', '1', '2', '2015-05-21 15:14:57', null, null, null, null, '0', '0'), ('2', '1', '2', '2', '2015-05-21 15:14:58', null, null, null, null, '0', '0'), ('3', '2', '1', '2', '2015-05-21 15:15:01', null, null, null, null, '0', '0'), ('4', '2', '2', '2', '2015-05-21 15:15:02', null, null, null, null, '0', '0'), ('5', '2', '3', '2', '2015-05-21 15:15:03', null, null, '2', '2015-05-21 15:15:11', '1', '0'), ('6', '2', '4', '2', '2015-05-21 15:15:10', null, null, null, null, '0', '0'), ('7', '3', '1', '2', '2015-05-21 15:15:14', null, null, null, null, '0', '0'), ('8', '3', '2', '2', '2015-05-21 15:15:15', null, null, null, null, '0', '0'), ('9', '3', '3', '2', '2015-05-21 15:15:16', null, null, null, null, '0', '0'), ('10', '4', '1', '2', '2015-05-23 15:31:33', null, null, null, null, '0', '0'), ('11', '4', '2', '2', '2015-05-23 15:31:34', null, null, null, null, '0', '0'), ('12', '4', '6', '2', '2015-05-23 15:31:36', null, null, null, null, '0', '0'), ('13', '5', '7', '1', '2015-05-26 00:53:34', null, null, null, null, '0', '0'), ('14', '6', '1', '2', '2015-06-15 21:01:56', null, null, null, null, '0', '0'), ('15', '6', '2', '2', '2015-06-15 21:01:57', null, null, null, null, '0', '0');
COMMIT;

-- ----------------------------
--  Table structure for `TBL_SECTEUR_TL_IMPRESSION`
-- ----------------------------
DROP TABLE IF EXISTS `TBL_SECTEUR_TL_IMPRESSION`;
CREATE TABLE `TBL_SECTEUR_TL_IMPRESSION` (
  `IDSecteur_tl_impression` int(11) NOT NULL AUTO_INCREMENT,
  `IDSecteur` int(11) DEFAULT NULL,
  `IDImpression` int(11) DEFAULT NULL,
  `IDMembreAdd` int(11) DEFAULT NULL,
  `DateAdd` datetime DEFAULT NULL,
  `IDMembreMaj` int(11) DEFAULT NULL,
  `DateMaj` datetime DEFAULT NULL,
  `IDMembreSupp` int(11) DEFAULT NULL,
  `DateSupp` datetime DEFAULT NULL,
  `EstSupp` int(1) NOT NULL DEFAULT '0',
  `EstProtected` int(1) NOT NULL DEFAULT '0',
  PRIMARY KEY (`IDSecteur_tl_impression`)
) ENGINE=InnoDB AUTO_INCREMENT=37 DEFAULT CHARSET=latin1 ROW_FORMAT=COMPACT;

-- ----------------------------
--  Records of `TBL_SECTEUR_TL_IMPRESSION`
-- ----------------------------
BEGIN;
INSERT INTO `TBL_SECTEUR_TL_IMPRESSION` VALUES ('14', '2', '1', '2', '2015-06-15 20:59:17', null, null, null, null, '0', '0'), ('15', '2', '2', '2', '2015-06-15 20:59:17', null, null, null, null, '0', '0'), ('16', '2', '3', '2', '2015-06-15 20:59:18', null, null, null, null, '0', '0'), ('17', '2', '4', '2', '2015-06-15 20:59:19', null, null, null, null, '0', '0'), ('18', '2', '5', '2', '2015-06-15 20:59:20', null, null, null, null, '0', '0'), ('19', '2', '6', '2', '2015-06-15 20:59:21', null, null, null, null, '0', '0'), ('20', '6', '7', '2', '2015-06-16 10:11:16', null, null, null, null, '0', '0'), ('21', '3', '8', '2', '2015-06-17 19:07:58', null, null, null, null, '0', '0'), ('22', '3', '9', '2', '2015-06-17 19:07:59', null, null, null, null, '0', '0'), ('23', '4', '11', '2', '2015-06-17 19:08:03', null, null, null, null, '0', '0'), ('24', '4', '12', '2', '2015-06-17 19:08:04', null, null, null, null, '0', '0'), ('25', '6', '10', '2', '2015-06-17 19:08:09', null, null, null, null, '0', '0'), ('26', '1', '13', '2', '2015-06-18 00:01:11', null, null, null, null, '0', '0'), ('27', '1', '14', '2', '2015-06-18 00:01:12', null, null, null, null, '0', '0'), ('28', '3', '15', '2', '2015-06-18 00:03:24', null, null, null, null, '0', '0'), ('29', '6', '16', '2', '2015-06-22 17:08:55', null, null, null, null, '0', '0'), ('30', '6', '17', '2', '2015-06-22 17:08:56', null, null, null, null, '0', '0'), ('31', '6', '19', '2', '2015-06-22 23:10:47', null, null, null, null, '0', '0'), ('32', '6', '18', '2', '2015-06-22 23:10:48', null, null, null, null, '0', '0'), ('33', '3', '20', '2', '2015-06-22 23:21:44', null, null, null, null, '0', '0'), ('34', '4', '21', '2', '2015-06-24 11:16:46', null, null, null, null, '0', '0'), ('35', '6', '22', '2', '2015-07-03 02:06:53', null, null, null, null, '0', '0'), ('36', '7', '23', '1', '2015-07-09 00:23:16', null, null, null, null, '0', '0');
COMMIT;

-- ----------------------------
--  Table structure for `TBL_SECTEUR_TL_OPTION`
-- ----------------------------
DROP TABLE IF EXISTS `TBL_SECTEUR_TL_OPTION`;
CREATE TABLE `TBL_SECTEUR_TL_OPTION` (
  `IDSecteur_tl_option` int(11) NOT NULL AUTO_INCREMENT,
  `IDSecteur` int(11) DEFAULT NULL,
  `IDOption` int(11) DEFAULT NULL,
  `IDMembreAdd` int(11) DEFAULT NULL,
  `DateAdd` datetime DEFAULT NULL,
  `IDMembreMaj` int(11) DEFAULT NULL,
  `DateMaj` datetime DEFAULT NULL,
  `IDMembreSupp` int(11) DEFAULT NULL,
  `DateSupp` datetime DEFAULT NULL,
  `EstSupp` int(1) NOT NULL DEFAULT '0',
  `EstProtected` int(1) NOT NULL DEFAULT '0',
  PRIMARY KEY (`IDSecteur_tl_option`)
) ENGINE=InnoDB AUTO_INCREMENT=14 DEFAULT CHARSET=latin1 ROW_FORMAT=COMPACT;

-- ----------------------------
--  Records of `TBL_SECTEUR_TL_OPTION`
-- ----------------------------
BEGIN;
INSERT INTO `TBL_SECTEUR_TL_OPTION` VALUES ('1', '2', '1', '2', '2015-05-21 15:21:48', null, null, null, null, '0', '0'), ('2', '2', '2', '2', '2015-05-21 15:21:49', null, null, null, null, '0', '0'), ('3', '3', '3', '2', '2015-05-21 15:21:51', null, null, null, null, '0', '0'), ('4', '4', '4', '2', '2015-05-23 15:31:45', null, null, null, null, '0', '0'), ('5', '4', '5', '2', '2015-05-23 15:31:46', null, null, null, null, '0', '0'), ('6', '5', '6', '1', '2015-05-26 00:53:46', null, null, null, null, '0', '0'), ('7', '6', '7', '2', '2015-06-05 01:18:26', null, null, '2', '2015-06-14 23:56:52', '1', '0'), ('8', '6', '8', '2', '2015-06-05 01:18:27', null, null, '2', '2015-06-14 23:56:49', '1', '0'), ('9', '6', '9', '2', '2015-06-05 01:18:27', null, null, null, null, '0', '0'), ('10', '6', '10', '2', '2015-06-05 01:18:59', null, null, '2', '2015-06-14 23:56:53', '1', '0'), ('11', '2', '8', '2', '2015-06-14 23:56:37', null, null, null, null, '0', '0'), ('12', '4', '10', '2', '2015-06-14 23:56:59', null, null, null, null, '0', '0'), ('13', '4', '7', '2', '2015-06-14 23:57:00', null, null, null, null, '0', '0');
COMMIT;

-- ----------------------------
--  Table structure for `TBL_SECTEUR_TRAD`
-- ----------------------------
DROP TABLE IF EXISTS `TBL_SECTEUR_TRAD`;
CREATE TABLE `TBL_SECTEUR_TRAD` (
  `IDSecteur` int(11) NOT NULL,
  `Nom` varchar(255) DEFAULT NULL,
  `IDLangue` int(4) NOT NULL DEFAULT '1'
) ENGINE=InnoDB DEFAULT CHARSET=latin1 ROW_FORMAT=COMPACT;

-- ----------------------------
--  Records of `TBL_SECTEUR_TRAD`
-- ----------------------------
BEGIN;
INSERT INTO `TBL_SECTEUR_TRAD` VALUES ('1', 'Pré-presse', '1'), ('2', 'Impression', '1'), ('3', 'Massicot', '1'), ('4', 'Pelliculage', '1'), ('5', 'Atelier', '1'), ('6', 'Pliage', '1'), ('7', 'Exp.', '1'), ('8', 'Colisage', '1'), ('9', 'Colisage', '1'), ('10', 'Colisage', '1');
COMMIT;

-- ----------------------------
--  Table structure for `TBL_SLOGAN`
-- ----------------------------
DROP TABLE IF EXISTS `TBL_SLOGAN`;
CREATE TABLE `TBL_SLOGAN` (
  `IDSlogan` int(11) NOT NULL AUTO_INCREMENT,
  `Slogan` varchar(255) DEFAULT NULL,
  `IDSociete` int(11) DEFAULT NULL,
  `IDMembreAdd` int(11) DEFAULT NULL,
  `DateAdd` datetime DEFAULT NULL,
  `IDMembreMaj` int(11) DEFAULT NULL,
  `DateMaj` datetime DEFAULT NULL,
  `IDMembreSupp` int(11) DEFAULT NULL,
  `DateSupp` datetime DEFAULT NULL,
  `EstSupp` int(1) NOT NULL DEFAULT '0',
  `EstProtected` int(1) NOT NULL DEFAULT '0',
  PRIMARY KEY (`IDSlogan`)
) ENGINE=InnoDB AUTO_INCREMENT=4 DEFAULT CHARSET=latin1 ROW_FORMAT=COMPACT;

-- ----------------------------
--  Records of `TBL_SLOGAN`
-- ----------------------------
BEGIN;
INSERT INTO `TBL_SLOGAN` VALUES ('1', 'e B O X', '1', '1', '2015-05-21 15:24:28', '2', '2015-07-21 11:18:48', null, null, '0', '1'), ('2', 'mon imprimerie', '2', '1', '2015-05-25 18:52:45', null, null, null, null, '0', '0'), ('3', 'Mon imprimerie', '3', '1', '2015-05-26 00:49:21', null, null, null, null, '0', '0');
COMMIT;

-- ----------------------------
--  Table structure for `TBL_SOCIETE`
-- ----------------------------
DROP TABLE IF EXISTS `TBL_SOCIETE`;
CREATE TABLE `TBL_SOCIETE` (
  `IDSociete` int(11) NOT NULL AUTO_INCREMENT,
  `Nom` varchar(255) CHARACTER SET latin1 DEFAULT NULL,
  `Adresse1` varchar(255) CHARACTER SET latin1 DEFAULT NULL,
  `Adresse2` varchar(255) DEFAULT NULL,
  `CodePostal` int(8) DEFAULT NULL,
  `Ville` varchar(255) DEFAULT NULL,
  `Pays` varchar(255) DEFAULT NULL,
  `Mail` varchar(255) DEFAULT NULL,
  `Telephone` varchar(14) DEFAULT NULL,
  `IDMembreContact` int(11) DEFAULT NULL,
  `IDLangue` int(11) DEFAULT '1',
  `EstActif` int(1) NOT NULL DEFAULT '1',
  `IDMembreAdd` int(11) DEFAULT NULL,
  `DateAdd` datetime DEFAULT NULL,
  `IDMembreMaj` int(11) DEFAULT NULL,
  `DateMaj` datetime DEFAULT NULL,
  `IDMembreSupp` int(11) DEFAULT NULL,
  `DateSupp` datetime DEFAULT NULL,
  `EstSupp` int(1) NOT NULL DEFAULT '0',
  `EstProtected` int(1) NOT NULL DEFAULT '0',
  PRIMARY KEY (`IDSociete`)
) ENGINE=InnoDB AUTO_INCREMENT=4 DEFAULT CHARSET=utf8 ROW_FORMAT=COMPACT;

-- ----------------------------
--  Records of `TBL_SOCIETE`
-- ----------------------------
BEGIN;
INSERT INTO `TBL_SOCIETE` VALUES ('1', 'MaSociete', 'Impasse sans fin', null, '34000', 'Montpellier', 'France', 'masociete@mail.fr', '09.22.20.30.22', '2', '1', '1', '1', '2015-05-21 14:54:06', null, null, null, null, '0', '1'), ('3', 'mon imprimerie', 'rue qui tourne pas', '0', '75', 'Paris', 'France', 'mom@me.com', '09.22.20.30.22', '0', '1', '1', '1', '2015-05-25 18:52:45', '1', '2015-06-22 22:56:51', null, null, '0', '0');
COMMIT;

-- ----------------------------
--  Table structure for `TBL_SUPPORT`
-- ----------------------------
DROP TABLE IF EXISTS `TBL_SUPPORT`;
CREATE TABLE `TBL_SUPPORT` (
  `IDSupport` int(11) NOT NULL AUTO_INCREMENT,
  `IDSociete` int(11) DEFAULT NULL,
  `Ordre` int(11) NOT NULL DEFAULT '99',
  `EstActif` int(1) NOT NULL DEFAULT '1',
  `IDMembreAdd` int(11) DEFAULT NULL,
  `DateAdd` datetime DEFAULT NULL,
  `IDMembreMaj` int(11) DEFAULT NULL,
  `DateMaj` datetime DEFAULT NULL,
  `IDMembreSupp` int(11) DEFAULT NULL,
  `DateSupp` datetime DEFAULT NULL,
  `EstSupp` int(1) NOT NULL DEFAULT '0',
  `EstProtected` int(1) NOT NULL DEFAULT '0',
  PRIMARY KEY (`IDSupport`)
) ENGINE=InnoDB AUTO_INCREMENT=9 DEFAULT CHARSET=latin1 ROW_FORMAT=COMPACT;

-- ----------------------------
--  Records of `TBL_SUPPORT`
-- ----------------------------
BEGIN;
INSERT INTO `TBL_SUPPORT` VALUES ('1', '1', '1', '1', '2', '2015-05-21 15:10:04', null, null, null, null, '0', '0'), ('2', '1', '2', '1', '2', '2015-05-21 15:10:12', null, null, null, null, '0', '0'), ('3', '1', '3', '1', '2', '2015-05-21 15:10:20', null, null, null, null, '0', '0'), ('4', '1', '4', '1', '2', '2015-05-21 15:10:31', null, null, null, null, '0', '0'), ('5', '3', '1', '1', '1', '2015-05-26 00:52:30', null, null, null, null, '0', '0'), ('6', '1', '99', '1', '17', '2015-07-28 00:55:02', null, null, '2', '2015-07-28 00:59:56', '1', '0'), ('7', '1', '99', '1', '17', '2015-07-28 01:02:27', null, null, '2', '2015-07-28 01:08:45', '1', '0'), ('8', '1', '99', '1', '17', '2015-07-28 01:09:39', null, null, null, null, '0', '0');
COMMIT;

-- ----------------------------
--  Table structure for `TBL_SUPPORT_TL_FORMAT`
-- ----------------------------
DROP TABLE IF EXISTS `TBL_SUPPORT_TL_FORMAT`;
CREATE TABLE `TBL_SUPPORT_TL_FORMAT` (
  `IDSupport_tl_format` int(11) NOT NULL AUTO_INCREMENT,
  `IDSupport` int(11) DEFAULT NULL,
  `IDFormat` int(11) DEFAULT NULL,
  `IDMembreAdd` int(11) DEFAULT NULL,
  `DateAdd` datetime DEFAULT NULL,
  `IDMembreMaj` int(11) DEFAULT NULL,
  `DateMaj` datetime DEFAULT NULL,
  `IDMembreSupp` int(11) DEFAULT NULL,
  `DateSupp` datetime DEFAULT NULL,
  `EstSupp` int(1) NOT NULL DEFAULT '0',
  `EstProtected` int(1) NOT NULL DEFAULT '0',
  PRIMARY KEY (`IDSupport_tl_format`)
) ENGINE=InnoDB AUTO_INCREMENT=15 DEFAULT CHARSET=latin1 ROW_FORMAT=COMPACT;

-- ----------------------------
--  Records of `TBL_SUPPORT_TL_FORMAT`
-- ----------------------------
BEGIN;
INSERT INTO `TBL_SUPPORT_TL_FORMAT` VALUES ('1', '1', '1', '2', '2015-05-21 15:16:41', null, null, null, null, '0', '0'), ('2', '1', '3', '2', '2015-05-21 15:16:44', null, null, null, null, '0', '0'), ('3', '2', '2', '2', '2015-05-21 15:16:48', null, null, '2', '2015-05-21 15:17:00', '1', '0'), ('4', '2', '4', '2', '2015-05-21 15:16:56', null, null, '2', '2015-05-21 15:17:03', '1', '0'), ('5', '2', '1', '2', '2015-05-21 15:17:01', null, null, null, null, '0', '0'), ('6', '2', '5', '2', '2015-05-21 15:17:02', null, null, null, null, '0', '0'), ('7', '2', '3', '2', '2015-05-21 15:17:05', null, null, null, null, '0', '0'), ('8', '3', '2', '2', '2015-05-21 15:17:09', null, null, '2', '2015-05-21 15:17:14', '1', '0'), ('9', '3', '5', '2', '2015-05-21 15:17:11', null, null, '2', '2015-05-21 15:17:17', '1', '0'), ('10', '3', '1', '2', '2015-05-21 15:17:15', null, null, null, null, '0', '0'), ('11', '3', '4', '2', '2015-05-21 15:17:16', null, null, null, null, '0', '0'), ('12', '4', '5', '2', '2015-05-21 15:17:23', null, null, null, null, '0', '0'), ('13', '4', '2', '2', '2015-05-21 15:17:25', null, null, null, null, '0', '0'), ('14', '5', '6', '1', '2015-05-26 00:53:40', null, null, null, null, '0', '0');
COMMIT;

-- ----------------------------
--  Table structure for `TBL_SUPPORT_TRAD`
-- ----------------------------
DROP TABLE IF EXISTS `TBL_SUPPORT_TRAD`;
CREATE TABLE `TBL_SUPPORT_TRAD` (
  `IDSupport` int(11) NOT NULL,
  `Nom` varchar(255) DEFAULT NULL,
  `IDLangue` int(4) NOT NULL DEFAULT '1'
) ENGINE=InnoDB DEFAULT CHARSET=latin1 ROW_FORMAT=COMPACT;

-- ----------------------------
--  Records of `TBL_SUPPORT_TRAD`
-- ----------------------------
BEGIN;
INSERT INTO `TBL_SUPPORT_TRAD` VALUES ('1', '90 OFF', '1'), ('2', '135 CB', '1'), ('3', '170 CM', '1'), ('4', '300 CB', '1'), ('5', 'Bois', '1'), ('6', '1250', '1'), ('7', '80 OFF', '1'), ('8', '80 OFF', '1');
COMMIT;

SET FOREIGN_KEY_CHECKS = 1;
